Time,Channel A,Channel B
(us),(V),(V)

-0.95270591,1.10989800,0.00000000
-0.95070591,1.10989800,0.00000000
-0.94870591,1.15418900,0.00000000
-0.94670591,1.15418900,-0.04398376
-0.94470591,1.15418900,0.00000000
-0.94270591,1.15418900,0.00000000
-0.94070591,1.10989800,-0.04398376
-0.93870591,1.10989800,0.00000000
-0.93670591,1.10989800,0.00000000
-0.93470591,1.10989800,0.00000000
-0.93270591,1.15418900,0.00000000
-0.93070591,1.10989800,0.00000000
-0.92870591,1.10989800,0.00000000
-0.92670591,1.10989800,-0.04398376
-0.92470591,1.15418900,0.00000000
-0.92270591,1.10989800,-0.04398376
-0.92070591,1.15418900,0.00000000
-0.91870591,1.10989800,-0.04398376
-0.91670591,1.10989800,0.00000000
-0.91470591,1.10989800,0.00000000
-0.91270591,1.10989800,-0.04398376
-0.91070591,1.15418900,0.00000000
-0.90870591,1.10989800,-0.04398376
-0.90670591,1.10989800,0.00000000
-0.90470591,1.15418900,0.00000000
-0.90270591,1.15418900,0.00000000
-0.90070591,1.10989800,-0.04398376
-0.89870591,1.10989800,0.00000000
-0.89670591,1.15418900,0.00000000
-0.89470591,1.10989800,0.00000000
-0.89270591,1.10989800,0.00000000
-0.89070591,1.15418900,0.00000000
-0.88870591,1.15418900,0.00000000
-0.88670591,1.10989800,0.00000000
-0.88470591,1.15418900,0.00000000
-0.88270591,1.15418900,0.00000000
-0.88070591,1.15418900,0.00000000
-0.87870591,1.15418900,0.00000000
-0.87670591,1.10989800,0.00000000
-0.87470591,1.15418900,0.00000000
-0.87270591,1.15418900,-0.04398376
-0.87070591,1.10989800,0.00000000
-0.86870591,1.10989800,0.00000000
-0.86670591,1.15418900,0.00000000
-0.86470591,1.10989800,0.00000000
-0.86270591,1.10989800,0.04398376
-0.86070591,1.10989800,-0.04398376
-0.85870591,1.15418900,0.00000000
-0.85670591,1.10989800,0.00000000
-0.85470591,1.10989800,0.00000000
-0.85270592,1.10989800,0.00000000
-0.85070592,1.10989800,-0.04398376
-0.84870592,1.10989800,0.00000000
-0.84670592,1.10989800,0.00000000
-0.84470592,1.15418900,0.00000000
-0.84270592,1.10989800,0.00000000
-0.84070592,1.10989800,0.00000000
-0.83870592,1.10989800,-0.04398376
-0.83670592,1.10989800,0.00000000
-0.83470592,1.10989800,0.00000000
-0.83270592,1.10989800,0.00000000
-0.83070592,1.10989800,0.00000000
-0.82870592,1.10989800,0.00000000
-0.82670592,1.10989800,0.00000000
-0.82470592,1.10989800,0.00000000
-0.82270592,1.10989800,-0.04398376
-0.82070592,1.10989800,0.00000000
-0.81870592,1.10989800,0.00000000
-0.81670592,1.15418900,0.00000000
-0.81470592,1.10989800,0.00000000
-0.81270592,1.10989800,0.00000000
-0.81070592,1.10989800,0.00000000
-0.80870592,1.10989800,0.00000000
-0.80670592,1.10989800,0.00000000
-0.80470592,1.10989800,0.00000000
-0.80270592,1.10989800,0.00000000
-0.80070592,1.15418900,0.00000000
-0.79870592,1.10989800,0.00000000
-0.79670592,1.15418900,0.00000000
-0.79470592,1.10989800,0.00000000
-0.79270592,1.10989800,-0.04398376
-0.79070592,1.10989800,0.00000000
-0.78870592,1.10989800,-0.04398376
-0.78670592,1.10989800,-0.04398376
-0.78470592,1.10989800,0.00000000
-0.78270592,1.10989800,0.00000000
-0.78070592,1.10989800,0.00000000
-0.77870592,1.10989800,0.00000000
-0.77670592,1.10989800,0.00000000
-0.77470592,1.10989800,0.00000000
-0.77270592,1.10989800,0.00000000
-0.77070592,1.10989800,0.00000000
-0.76870592,1.15418900,0.00000000
-0.76670592,1.10989800,0.00000000
-0.76470592,1.10989800,0.00000000
-0.76270592,1.10989800,0.00000000
-0.76070592,1.10989800,-0.04398376
-0.75870592,1.10989800,0.00000000
-0.75670592,1.10989800,0.00000000
-0.75470592,1.10989800,-0.04398376
-0.75270592,1.10989800,0.00000000
-0.75070592,1.10989800,0.00000000
-0.74870592,1.15418900,0.00000000
-0.74670592,1.10989800,0.00000000
-0.74470592,1.10989800,0.00000000
-0.74270592,1.10989800,0.00000000
-0.74070592,1.10989800,0.00000000
-0.73870592,1.10989800,0.00000000
-0.73670592,1.10989800,0.00000000
-0.73470592,1.10989800,0.00000000
-0.73270592,1.10989800,0.00000000
-0.73070592,1.10989800,0.00000000
-0.72870592,1.10989800,0.00000000
-0.72670592,1.10989800,0.00000000
-0.72470592,1.10989800,0.00000000
-0.72270592,1.10989800,0.00000000
-0.72070592,1.15418900,-0.04398376
-0.71870592,1.10989800,0.00000000
-0.71670592,1.10989800,0.00000000
-0.71470592,1.06545300,0.00000000
-0.71270592,1.10989800,0.00000000
-0.71070592,1.15418900,0.00000000
-0.70870592,1.10989800,0.00000000
-0.70670592,1.10989800,0.00000000
-0.70470592,1.15418900,0.00000000
-0.70270592,1.10989800,0.00000000
-0.70070592,1.10989800,0.00000000
-0.69870592,1.15418900,0.00000000
-0.69670592,1.10989800,0.00000000
-0.69470592,1.15418900,0.00000000
-0.69270592,1.10989800,0.00000000
-0.69070592,1.15418900,0.00000000
-0.68870592,1.15418900,0.00000000
-0.68670592,1.15418900,0.00000000
-0.68470592,1.10989800,0.00000000
-0.68270592,1.10989800,0.00000000
-0.68070592,1.15418900,0.00000000
-0.67870592,1.15418900,0.00000000
-0.67670592,1.10989800,0.00000000
-0.67470592,1.10989800,0.00000000
-0.67270592,1.15418900,0.00000000
-0.67070592,1.10989800,0.00000000
-0.66870592,1.10989800,0.00000000
-0.66670592,1.10989800,0.00000000
-0.66470592,1.10989800,0.00000000
-0.66270592,1.15418900,-0.04398376
-0.66070592,1.10989800,0.00000000
-0.65870592,1.10989800,-0.04398376
-0.65670592,1.10989800,0.00000000
-0.65470592,1.10989800,-0.04398376
-0.65270592,1.10989800,0.00000000
-0.65070592,1.10989800,0.00000000
-0.64870592,1.10989800,0.00000000
-0.64670592,1.10989800,0.00000000
-0.64470592,1.10989800,0.00000000
-0.64270592,1.15418900,0.00000000
-0.64070592,1.10989800,0.00000000
-0.63870592,1.15418900,0.00000000
-0.63670592,1.10989800,0.00000000
-0.63470592,1.10989800,0.00000000
-0.63270592,1.10989800,0.00000000
-0.63070592,1.10989800,-0.04398376
-0.62870592,1.15418900,0.00000000
-0.62670592,1.10989800,0.00000000
-0.62470592,1.10989800,0.00000000
-0.62270592,1.10989800,0.00000000
-0.62070592,1.15418900,-0.04398376
-0.61870592,1.10989800,0.00000000
-0.61670592,1.15418900,0.00000000
-0.61470592,1.15418900,-0.04398376
-0.61270592,1.10989800,0.00000000
-0.61070592,1.10989800,0.00000000
-0.60870592,1.15418900,0.00000000
-0.60670592,1.15418900,-0.04398376
-0.60470592,1.10989800,0.00000000
-0.60270592,1.15418900,-0.04398376
-0.60070592,1.10989800,0.00000000
-0.59870592,1.15418900,0.00000000
-0.59670592,1.10989800,0.00000000
-0.59470592,1.15418900,0.00000000
-0.59270592,1.15418900,0.00000000
-0.59070592,1.10989800,0.00000000
-0.58870592,1.10989800,0.00000000
-0.58670592,1.10989800,0.00000000
-0.58470592,1.10989800,0.00000000
-0.58270592,1.15418900,0.00000000
-0.58070592,1.10989800,0.00000000
-0.57870592,1.15418900,0.00000000
-0.57670592,1.15418900,0.00000000
-0.57470592,1.10989800,0.00000000
-0.57270592,1.15418900,0.00000000
-0.57070592,1.10989800,0.00000000
-0.56870592,1.10989800,0.00000000
-0.56670592,1.10989800,0.00000000
-0.56470592,1.10989800,0.00000000
-0.56270592,1.10989800,0.00000000
-0.56070592,1.15418900,0.00000000
-0.55870592,1.10989800,0.00000000
-0.55670592,1.15418900,0.00000000
-0.55470592,1.10989800,0.00000000
-0.55270592,1.10989800,0.00000000
-0.55070592,1.10989800,0.00000000
-0.54870592,1.10989800,0.00000000
-0.54670592,1.10989800,0.00000000
-0.54470592,1.10989800,0.00000000
-0.54270592,1.10989800,0.00000000
-0.54070592,1.10989800,0.00000000
-0.53870592,1.10989800,0.00000000
-0.53670592,1.10989800,0.00000000
-0.53470592,1.10989800,0.00000000
-0.53270592,1.10989800,0.00000000
-0.53070592,1.10989800,0.00000000
-0.52870592,1.15418900,0.00000000
-0.52670592,1.15418900,0.00000000
-0.52470592,1.15418900,0.00000000
-0.52270592,1.10989800,0.00000000
-0.52070592,1.10989800,0.00000000
-0.51870592,1.15418900,0.00000000
-0.51670592,1.15418900,0.00000000
-0.51470592,1.15418900,0.00000000
-0.51270592,1.10989800,0.00000000
-0.51070592,1.10989800,0.00000000
-0.50870592,1.10989800,0.00000000
-0.50670592,1.15418900,0.00000000
-0.50470592,1.10989800,0.00000000
-0.50270592,1.10989800,0.00000000
-0.50070592,1.10989800,0.00000000
-0.49870593,1.15418900,0.00000000
-0.49670593,1.15418900,0.00000000
-0.49470593,1.10989800,0.00000000
-0.49270593,1.10989800,0.00000000
-0.49070593,1.15418900,0.00000000
-0.48870593,1.10989800,0.00000000
-0.48670593,1.10989800,0.00000000
-0.48470593,1.10989800,0.00000000
-0.48270593,1.10989800,0.00000000
-0.48070593,1.10989800,0.00000000
-0.47870593,1.10989800,0.00000000
-0.47670593,1.10989800,0.00000000
-0.47470593,1.10989800,0.00000000
-0.47270593,1.10989800,0.00000000
-0.47070593,1.10989800,-0.04398376
-0.46870593,1.10989800,0.00000000
-0.46670593,1.10989800,0.00000000
-0.46470593,1.10989800,-0.04398376
-0.46270593,1.15418900,0.00000000
-0.46070593,1.10989800,0.00000000
-0.45870593,1.10989800,0.00000000
-0.45670593,1.10989800,0.00000000
-0.45470593,1.10989800,0.00000000
-0.45270593,1.10989800,0.00000000
-0.45070593,1.10989800,0.04398376
-0.44870593,1.10989800,0.00000000
-0.44670593,1.10989800,0.00000000
-0.44470593,1.15418900,0.00000000
-0.44270593,1.10989800,-0.04398376
-0.44070593,1.15418900,0.00000000
-0.43870593,1.10989800,0.00000000
-0.43670593,1.10989800,0.00000000
-0.43470593,1.15418900,0.00000000
-0.43270593,1.15418900,0.00000000
-0.43070593,1.15418900,0.00000000
-0.42870593,1.10989800,0.00000000
-0.42670593,1.15418900,0.00000000
-0.42470593,1.10989800,0.00000000
-0.42270593,1.10989800,0.00000000
-0.42070593,1.10989800,0.00000000
-0.41870593,1.10989800,-0.04398376
-0.41670593,1.10989800,0.00000000
-0.41470593,1.10989800,0.00000000
-0.41270593,1.15418900,0.00000000
-0.41070593,1.10989800,0.00000000
-0.40870593,1.10989800,-0.04398376
-0.40670593,1.10989800,0.00000000
-0.40470593,1.10989800,0.00000000
-0.40270593,1.10989800,0.00000000
-0.40070593,1.10989800,0.00000000
-0.39870593,1.10989800,0.00000000
-0.39670593,1.10989800,0.00000000
-0.39470593,1.10989800,0.00000000
-0.39270593,1.15418900,0.00000000
-0.39070593,1.10989800,0.00000000
-0.38870593,1.10989800,0.00000000
-0.38670593,1.10989800,0.00000000
-0.38470593,1.10989800,0.00000000
-0.38270593,1.15418900,0.00000000
-0.38070593,1.10989800,-0.04398376
-0.37870593,1.10989800,0.00000000
-0.37670593,1.10989800,0.00000000
-0.37470593,1.15418900,0.00000000
-0.37270593,1.15418900,-0.04398376
-0.37070593,1.15418900,0.00000000
-0.36870593,1.10989800,0.00000000
-0.36670593,1.15418900,0.00000000
-0.36470593,1.10989800,-0.04398376
-0.36270593,1.10989800,0.00000000
-0.36070593,1.10989800,-0.04398376
-0.35870593,1.15418900,0.00000000
-0.35670593,1.10989800,0.00000000
-0.35470593,1.10989800,0.00000000
-0.35270593,1.15418900,0.00000000
-0.35070593,1.10989800,0.00000000
-0.34870593,1.10989800,-0.04398376
-0.34670593,1.10989800,0.00000000
-0.34470593,1.15418900,0.00000000
-0.34270593,1.10989800,0.00000000
-0.34070593,1.10989800,0.00000000
-0.33870593,1.10989800,-0.04398376
-0.33670593,1.15418900,0.00000000
-0.33470593,1.10989800,0.00000000
-0.33270593,1.15418900,0.00000000
-0.33070593,1.10989800,0.00000000
-0.32870593,1.10989800,0.00000000
-0.32670593,1.15418900,0.00000000
-0.32470593,1.10989800,0.00000000
-0.32270593,1.10989800,-0.04398376
-0.32070593,1.10989800,0.00000000
-0.31870593,1.10989800,0.00000000
-0.31670593,1.10989800,0.00000000
-0.31470593,1.10989800,0.00000000
-0.31270593,1.10989800,0.00000000
-0.31070593,1.10989800,-0.04398376
-0.30870593,1.10989800,0.00000000
-0.30670593,1.10989800,0.00000000
-0.30470593,1.10989800,0.00000000
-0.30270593,1.10989800,-0.04398376
-0.30070593,1.10989800,0.00000000
-0.29870593,1.10989800,-0.04398376
-0.29670593,1.10989800,0.00000000
-0.29470593,1.10989800,0.00000000
-0.29270593,1.10989800,0.00000000
-0.29070593,1.10989800,0.00000000
-0.28870593,1.15418900,0.00000000
-0.28670593,1.15418900,-0.04398376
-0.28470593,1.10989800,0.00000000
-0.28270593,1.10989800,-0.04398376
-0.28070593,1.10989800,0.00000000
-0.27870593,1.10989800,-0.04398376
-0.27670593,1.10989800,0.04398376
-0.27470593,1.10989800,0.00000000
-0.27270593,1.10989800,0.00000000
-0.27070593,1.15418900,0.00000000
-0.26870593,1.10989800,0.00000000
-0.26670593,1.10989800,0.00000000
-0.26470593,1.15418900,0.00000000
-0.26270593,1.10989800,0.00000000
-0.26070593,1.10989800,0.00000000
-0.25870593,1.10989800,0.00000000
-0.25670593,1.10989800,0.00000000
-0.25470593,1.10989800,0.00000000
-0.25270593,1.10989800,0.00000000
-0.25070593,1.15418900,0.00000000
-0.24870593,1.15418900,0.00000000
-0.24670593,1.15418900,0.00000000
-0.24470593,1.15418900,0.00000000
-0.24270593,1.15418900,0.00000000
-0.24070593,1.10989800,0.00000000
-0.23870593,1.10989800,0.00000000
-0.23670593,1.15418900,0.00000000
-0.23470593,1.10989800,0.00000000
-0.23270593,1.15418900,0.00000000
-0.23070593,1.15418900,0.00000000
-0.22870593,1.15418900,0.00000000
-0.22670593,1.10989800,0.00000000
-0.22470593,1.10989800,0.00000000
-0.22270593,1.10989800,0.00000000
-0.22070593,1.10989800,0.00000000
-0.21870593,1.10989800,0.00000000
-0.21670593,1.10989800,0.00000000
-0.21470593,1.10989800,0.00000000
-0.21270593,1.15418900,0.00000000
-0.21070593,1.15418900,0.00000000
-0.20870593,1.10989800,0.00000000
-0.20670593,1.10989800,0.00000000
-0.20470593,1.10989800,-0.04398376
-0.20270593,1.10989800,0.00000000
-0.20070593,1.10989800,0.00000000
-0.19870593,1.15418900,0.00000000
-0.19670593,1.10989800,0.00000000
-0.19470593,1.10989800,0.00000000
-0.19270593,1.10989800,0.00000000
-0.19070593,1.15418900,0.00000000
-0.18870593,1.10989800,0.00000000
-0.18670593,1.15418900,-0.04398376
-0.18470593,1.10989800,0.00000000
-0.18270593,1.10989800,0.00000000
-0.18070593,1.15418900,0.00000000
-0.17870593,1.10989800,-0.04398376
-0.17670593,1.15418900,0.00000000
-0.17470593,1.10989800,0.00000000
-0.17270593,1.15418900,0.00000000
-0.17070593,1.15418900,0.00000000
-0.16870593,1.15418900,0.00000000
-0.16670593,1.10989800,0.00000000
-0.16470593,1.10989800,0.00000000
-0.16270593,1.10989800,0.00000000
-0.16070593,1.10989800,0.00000000
-0.15870593,1.10989800,-0.04398376
-0.15670593,1.10989800,0.00000000
-0.15470593,1.10989800,0.00000000
-0.15270593,1.10989800,0.00000000
-0.15070593,1.10989800,0.00000000
-0.14870593,1.10989800,0.00000000
-0.14670593,1.10989800,0.00000000
-0.14470594,1.10989800,0.00000000
-0.14270594,1.15418900,0.00000000
-0.14070594,1.10989800,0.00000000
-0.13870594,1.10989800,0.00000000
-0.13670594,1.10989800,0.00000000
-0.13470594,1.15418900,0.00000000
-0.13270594,1.10989800,0.00000000
-0.13070594,1.15418900,0.00000000
-0.12870594,1.10989800,-0.04398376
-0.12670594,1.15418900,-0.04398376
-0.12470594,1.10989800,0.00000000
-0.12270594,1.10989800,-0.04398376
-0.12070594,1.10989800,0.00000000
-0.11870594,1.10989800,-0.04398376
-0.11670594,1.10989800,0.04398376
-0.11470594,1.10989800,-0.04398376
-0.11270594,1.10989800,0.00000000
-0.11070594,1.10989800,0.00000000
-0.10870594,1.10989800,0.00000000
-0.10670594,1.10989800,0.00000000
-0.10470594,1.10989800,0.00000000
-0.10270594,1.10989800,0.00000000
-0.10070594,1.10989800,0.00000000
-0.09870594,1.10989800,0.00000000
-0.09670594,1.10989800,0.00000000
-0.09470594,1.10989800,0.00000000
-0.09270594,1.15418900,-0.04398376
-0.09070594,1.15418900,0.00000000
-0.08870594,1.10989800,0.00000000
-0.08670594,1.15418900,-0.04398376
-0.08470594,1.15418900,0.00000000
-0.08270594,1.10989800,0.00000000
-0.08070594,1.10989800,0.00000000
-0.07870594,1.15418900,0.00000000
-0.07670594,1.10989800,0.00000000
-0.07470594,1.10989800,-0.04398376
-0.07270594,1.15418900,-0.04398376
-0.07070594,1.10989800,0.00000000
-0.06870594,1.10989800,0.00000000
-0.06670594,1.10989800,-0.04398376
-0.06470594,1.15418900,0.00000000
-0.06270594,1.10989800,0.00000000
-0.06070594,1.10989800,0.00000000
-0.05870594,1.10989800,0.00000000
-0.05670594,1.15418900,0.00000000
-0.05470594,1.10989800,0.00000000
-0.05270594,1.10989800,0.00000000
-0.05070594,1.15418900,0.00000000
-0.04870594,1.10989800,0.00000000
-0.04670594,1.10989800,0.00000000
-0.04470594,1.10989800,0.00000000
-0.04270594,1.10989800,0.00000000
-0.04070594,1.10989800,0.00000000
-0.03870594,1.10989800,0.00000000
-0.03670594,1.15418900,0.00000000
-0.03470594,1.10989800,0.00000000
-0.03270594,1.15418900,0.00000000
-0.03070594,1.10989800,0.04398376
-0.02870594,1.10989800,0.00000000
-0.02670594,1.10989800,0.00000000
-0.02470594,1.10989800,0.00000000
-0.02270594,1.10989800,0.00000000
-0.02070594,1.10989800,0.00000000
-0.01870594,1.10989800,0.00000000
-0.01670594,1.15418900,0.00000000
-0.01470594,1.10989800,-0.04398376
-0.01270594,1.15418900,0.00000000
-0.01070594,1.10989800,0.00000000
-0.00870594,1.15418900,0.00000000
-0.00670594,1.10989800,-0.04398376
-0.00470594,1.10989800,0.00000000
-0.00270594,1.10989800,0.30819390
-0.00070594,1.10989800,1.18909900
0.00129406,1.10989800,1.93774600
0.00329406,1.02100800,2.15797200
0.00529406,0.93227120,2.15797200
0.00729406,0.93227120,2.55444100
0.00929406,1.02100800,3.03887800
0.01129406,1.19863400,3.12699900
0.01329406,1.33181600,3.08286200
0.01529406,1.37626100,3.12699900
0.01729406,1.37626100,3.25910400
0.01929406,1.24307900,3.25910400
0.02129406,1.10989800,3.21496700
0.02329406,0.97671630,3.17098300
0.02529406,0.93227120,3.21496700
0.02729406,0.93227120,3.21496700
0.02929406,1.06545300,3.21496700
0.03129406,1.15418900,3.17098300
0.03329406,1.28737100,3.21496700
0.03529406,1.28737100,3.21496700
0.03729406,1.24307900,3.21496700
0.03929406,1.15418900,3.21496700
0.04129406,1.06545300,3.17098300
0.04329406,1.02100800,3.17098300
0.04529406,1.02100800,3.17098300
0.04729406,1.06545300,3.17098300
0.04929406,1.15418900,3.21496700
0.05129406,1.37626100,3.21496700
0.05329406,1.55388800,3.25910400
0.05529406,1.46499800,3.21496700
0.05729406,1.10989800,3.21496700
0.05929406,0.62146280,3.17098300
0.06129406,0.31065450,3.12699900
0.06329406,0.17747290,3.08286200
0.06529406,0.04429134,3.08286200
0.06729406,-0.04429134,2.99489400
0.06929406,-0.13318160,2.99489400
0.07129406,-0.08873647,2.99489400
0.07329406,-0.04429134,2.99489400
0.07529406,-0.04429134,2.99489400
0.07729406,-0.08873647,2.99489400
0.07929406,-0.04429134,2.99489400
0.08129406,-0.04429134,2.99489400
0.08329406,-0.04429134,2.99489400
0.08529406,-0.04429134,2.99489400
0.08729406,-0.04429134,2.99489400
0.08929406,-0.04429134,2.99489400
0.09129406,-0.04429134,2.99489400
0.09329406,-0.04429134,3.03887800
0.09529406,-0.04429134,2.99489400
0.09729406,-0.04429134,2.99489400
0.09929406,-0.04429134,2.99489400
0.10129406,-0.04429134,3.03887800
0.10329406,-0.04429134,2.99489400
0.10529406,-0.04429134,3.03887800
0.10729406,-0.04429134,3.03887800
0.10929406,-0.04429134,2.99489400
0.11129406,0.00000000,3.03887800
0.11329406,-0.04429134,2.99489400
0.11529406,-0.04429134,3.03887800
0.11729406,0.00000000,3.03887800
0.11929406,-0.04429134,3.03887800
0.12129406,-0.04429134,2.99489400
0.12329406,-0.04429134,3.03887800
0.12529406,-0.04429134,2.99489400
0.12729406,-0.04429134,3.03887800
0.12929406,-0.04429134,2.99489400
0.13129406,-0.04429134,2.99489400
0.13329406,-0.04429134,3.03887800
0.13529406,-0.04429134,3.03887800
0.13729406,-0.04429134,2.99489400
0.13929406,-0.04429134,2.99489400
0.14129406,0.00000000,2.99489400
0.14329406,-0.04429134,2.99489400
0.14529406,-0.04429134,2.99489400
0.14729406,0.00000000,2.99489400
0.14929406,-0.04429134,3.03887800
0.15129406,-0.04429134,2.99489400
0.15329406,-0.04429134,2.99489400
0.15529406,0.00000000,2.99489400
0.15729406,-0.04429134,2.99489400
0.15929406,0.00000000,2.99489400
0.16129406,-0.04429134,3.03887800
0.16329406,0.00000000,2.99489400
0.16529406,0.00000000,3.03887800
0.16729406,0.00000000,2.99489400
0.16929406,-0.04429134,2.99489400
0.17129406,-0.04429134,3.03887800
0.17329406,0.00000000,3.03887800
0.17529406,-0.04429134,2.99489400
0.17729406,0.00000000,3.03887800
0.17929406,0.00000000,2.99489400
0.18129406,-0.04429134,2.99489400
0.18329406,-0.04429134,2.99489400
0.18529406,0.00000000,2.99489400
0.18729406,-0.04429134,2.99489400
0.18929406,-0.04429134,2.99489400
0.19129406,-0.04429134,2.99489400
0.19329406,0.00000000,2.99489400
0.19529406,-0.04429134,2.99489400
0.19729406,-0.04429134,3.03887800
0.19929406,0.00000000,2.99489400
0.20129406,-0.04429134,3.03887800
0.20329406,0.00000000,2.99489400
0.20529406,0.00000000,3.03887800
0.20729405,-0.04429134,2.99489400
0.20929405,-0.04429134,2.99489400
0.21129405,0.00000000,3.03887800
0.21329405,-0.04429134,2.99489400
0.21529405,-0.04429134,2.99489400
0.21729405,0.00000000,2.99489400
0.21929405,0.00000000,3.03887800
0.22129405,0.00000000,2.99489400
0.22329405,0.00000000,2.99489400
0.22529405,0.00000000,2.99489400
0.22729405,0.00000000,2.99489400
0.22929405,-0.04429134,3.03887800
0.23129405,0.00000000,2.99489400
0.23329405,0.00000000,3.03887800
0.23529405,0.00000000,3.03887800
0.23729405,0.00000000,2.99489400
0.23929405,0.00000000,2.99489400
0.24129405,0.00000000,3.03887800
0.24329405,0.00000000,2.99489400
0.24529405,0.00000000,3.03887800
0.24729405,0.00000000,2.99489400
0.24929405,0.00000000,2.99489400
0.25129405,-0.04429134,2.99489400
0.25329405,0.00000000,2.99489400
0.25529405,0.00000000,2.99489400
0.25729405,-0.04429134,3.03887800
0.25929405,0.00000000,3.03887800
0.26129405,0.00000000,2.99489400
0.26329405,0.00000000,2.99489400
0.26529405,0.00000000,3.03887800
0.26729405,0.00000000,3.03887800
0.26929405,0.00000000,2.99489400
0.27129405,0.00000000,2.99489400
0.27329405,-0.04429134,3.03887800
0.27529405,0.00000000,2.99489400
0.27729405,0.00000000,2.99489400
0.27929405,0.00000000,3.03887800
0.28129405,-0.04429134,2.99489400
0.28329405,0.00000000,2.99489400
0.28529405,0.00000000,3.03887800
0.28729405,0.00000000,2.99489400
0.28929405,0.00000000,2.99489400
0.29129405,0.00000000,3.03887800
0.29329405,0.00000000,2.99489400
0.29529405,-0.04429134,2.95075700
0.29729405,0.00000000,3.03887800
0.29929405,0.00000000,2.99489400
0.30129405,0.00000000,3.03887800
0.30329405,-0.04429134,3.03887800
0.30529405,0.00000000,3.03887800
0.30729405,0.00000000,2.99489400
0.30929405,0.00000000,2.99489400
0.31129405,0.00000000,3.03887800
0.31329405,0.00000000,2.99489400
0.31529405,0.00000000,3.03887800
0.31729405,0.00000000,2.99489400
0.31929405,0.00000000,2.99489400
0.32129405,0.00000000,2.99489400
0.32329405,0.00000000,3.03887800
0.32529405,0.00000000,2.99489400
0.32729405,0.00000000,2.99489400
0.32929405,0.00000000,2.99489400
0.33129405,0.00000000,3.03887800
0.33329405,0.00000000,3.03887800
0.33529405,0.04429134,2.99489400
0.33729405,0.00000000,2.99489400
0.33929405,0.00000000,2.99489400
0.34129405,0.00000000,3.03887800
0.34329405,0.00000000,2.99489400
0.34529405,0.00000000,2.99489400
0.34729405,0.00000000,2.99489400
0.34929405,0.00000000,3.03887800
0.35129405,0.00000000,2.99489400
0.35329405,0.00000000,2.99489400
0.35529405,0.00000000,2.99489400
0.35729405,0.00000000,2.99489400
0.35929405,0.00000000,2.99489400
0.36129405,0.00000000,3.03887800
0.36329405,0.00000000,2.99489400
0.36529405,0.00000000,2.99489400
0.36729405,0.00000000,2.99489400
0.36929405,0.00000000,2.99489400
0.37129405,0.00000000,2.99489400
0.37329405,0.04429134,3.03887800
0.37529405,0.00000000,3.03887800
0.37729405,0.00000000,2.99489400
0.37929405,0.00000000,2.99489400
0.38129405,0.00000000,2.99489400
0.38329405,0.04429134,3.03887800
0.38529405,0.04429134,2.99489400
0.38729405,0.00000000,2.99489400
0.38929405,0.00000000,3.03887800
0.39129405,0.00000000,2.99489400
0.39329405,0.04429134,2.99489400
0.39529405,0.00000000,2.99489400
0.39729405,0.04429134,3.03887800
0.39929405,0.00000000,2.99489400
0.40129405,0.00000000,3.03887800
0.40329405,0.00000000,2.99489400
0.40529405,0.00000000,2.99489400
0.40729405,0.00000000,3.03887800
0.40929405,0.00000000,3.03887800
0.41129405,0.00000000,2.99489400
0.41329405,0.00000000,2.99489400
0.41529405,0.00000000,2.99489400
0.41729405,0.00000000,2.99489400
0.41929405,0.00000000,3.03887800
0.42129405,0.00000000,3.03887800
0.42329405,0.00000000,2.99489400
0.42529405,0.00000000,3.03887800
0.42729405,0.04429134,3.03887800
0.42929405,0.00000000,2.99489400
0.43129405,0.00000000,2.99489400
0.43329405,0.00000000,3.03887800
0.43529405,0.00000000,3.03887800
0.43729405,0.04429134,2.99489400
0.43929405,0.04429134,2.99489400
0.44129405,0.00000000,3.03887800
0.44329405,0.00000000,3.03887800
0.44529405,0.00000000,2.99489400
0.44729405,0.00000000,2.99489400
0.44929405,0.00000000,2.99489400
0.45129405,0.04429134,3.03887800
0.45329405,0.00000000,2.99489400
0.45529405,0.00000000,3.03887800
0.45729405,0.00000000,3.03887800
0.45929405,0.00000000,2.99489400
0.46129405,0.04429134,2.99489400
0.46329405,0.00000000,3.03887800
0.46529405,0.00000000,2.99489400
0.46729405,0.00000000,3.03887800
0.46929405,0.04429134,2.99489400
0.47129405,0.04429134,3.03887800
0.47329405,0.04429134,3.03887800
0.47529405,0.00000000,3.03887800
0.47729405,0.04429134,2.99489400
0.47929405,0.00000000,2.99489400
0.48129405,0.04429134,2.99489400
0.48329405,0.00000000,2.99489400
0.48529405,0.00000000,2.99489400
0.48729405,0.00000000,2.99489400
0.48929405,0.04429134,2.99489400
0.49129405,0.00000000,2.99489400
0.49329405,0.04429134,2.99489400
0.49529405,0.00000000,3.03887800
0.49729405,0.00000000,3.03887800
0.49929405,0.04429134,2.99489400
0.50129405,0.00000000,3.03887800
0.50329405,0.00000000,2.99489400
0.50529405,0.04429134,2.99489400
0.50729405,0.04429134,2.99489400
0.50929405,0.00000000,3.03887800
0.51129405,0.04429134,2.99489400
0.51329405,0.00000000,3.03887800
0.51529405,0.00000000,2.99489400
0.51729405,0.00000000,3.03887800
0.51929405,0.00000000,3.03887800
0.52129405,0.04429134,3.03887800
0.52329405,0.04429134,2.99489400
0.52529405,0.00000000,3.03887800
0.52729405,0.04429134,2.99489400
0.52929405,0.04429134,2.99489400
0.53129405,0.04429134,3.03887800
0.53329405,0.00000000,3.03887800
0.53529405,0.04429134,3.03887800
0.53729405,0.00000000,3.03887800
0.53929405,0.04429134,3.03887800
0.54129405,0.00000000,2.99489400
0.54329405,0.04429134,3.03887800
0.54529405,0.04429134,3.03887800
0.54729405,0.00000000,2.99489400
0.54929405,0.04429134,3.03887800
0.55129405,0.04429134,3.03887800
0.55329405,0.04429134,2.99489400
0.55529405,0.04429134,3.03887800
0.55729405,0.00000000,2.99489400
0.55929405,0.04429134,3.03887800
0.56129404,0.00000000,3.03887800
0.56329404,0.00000000,3.03887800
0.56529404,0.04429134,2.99489400
0.56729404,0.00000000,2.99489400
0.56929404,0.00000000,3.03887800
0.57129404,0.04429134,2.99489400
0.57329404,0.04429134,2.99489400
0.57529404,0.00000000,3.03887800
0.57729404,0.00000000,3.03887800
0.57929404,0.00000000,2.99489400
0.58129404,0.00000000,3.03887800
0.58329404,0.04429134,3.03887800
0.58529404,0.04429134,2.99489400
0.58729404,0.00000000,3.03887800
0.58929404,0.04429134,3.03887800
0.59129404,0.04429134,2.99489400
0.59329404,0.04429134,2.99489400
0.59529404,0.04429134,3.03887800
0.59729404,0.00000000,3.03887800
0.59929404,0.00000000,3.03887800
0.60129404,0.04429134,2.99489400
0.60329404,0.04429134,3.03887800
0.60529404,0.00000000,2.99489400
0.60729404,0.04429134,2.99489400
0.60929404,0.04429134,3.03887800
0.61129404,0.00000000,3.03887800
0.61329404,0.04429134,3.03887800
0.61529404,0.00000000,2.99489400
0.61729404,0.04429134,3.03887800
0.61929404,0.04429134,3.03887800
0.62129404,0.04429134,3.03887800
0.62329404,0.04429134,3.03887800
0.62529404,0.04429134,3.03887800
0.62729404,0.04429134,3.03887800
0.62929404,0.00000000,3.03887800
0.63129404,0.04429134,3.03887800
0.63329404,0.00000000,3.03887800
0.63529404,0.04429134,3.03887800
0.63729404,0.04429134,3.03887800
0.63929404,0.04429134,3.03887800
0.64129404,0.04429134,3.03887800
0.64329404,0.04429134,2.99489400
0.64529404,0.00000000,3.03887800
0.64729404,0.00000000,3.03887800
0.64929404,0.04429134,3.03887800
0.65129404,0.04429134,3.03887800
0.65329404,0.04429134,3.03887800
0.65529404,0.00000000,3.03887800
0.65729404,0.00000000,2.99489400
0.65929404,0.00000000,3.03887800
0.66129404,0.00000000,2.99489400
0.66329404,0.04429134,3.03887800
0.66529404,0.04429134,3.03887800
0.66729404,0.00000000,3.03887800
0.66929404,0.00000000,3.03887800
0.67129404,0.04429134,3.03887800
0.67329404,0.04429134,3.03887800
0.67529404,0.04429134,2.99489400
0.67729404,0.00000000,3.03887800
0.67929404,0.04429134,2.99489400
0.68129404,0.04429134,3.03887800
0.68329404,0.04429134,2.99489400
0.68529404,0.04429134,3.03887800
0.68729404,0.04429134,3.03887800
0.68929404,0.00000000,3.03887800
0.69129404,0.04429134,3.03887800
0.69329404,0.04429134,3.03887800
0.69529404,0.04429134,3.03887800
0.69729404,0.04429134,3.03887800
0.69929404,0.04429134,2.99489400
0.70129404,0.04429134,2.99489400
0.70329404,0.00000000,2.99489400
0.70529404,0.04429134,3.03887800
0.70729404,0.00000000,2.99489400
0.70929404,0.00000000,2.99489400
0.71129404,0.04429134,3.03887800
0.71329404,0.00000000,3.03887800
0.71529404,0.04429134,3.03887800
0.71729404,0.04429134,3.03887800
0.71929404,0.04429134,3.03887800
0.72129404,0.00000000,3.03887800
0.72329404,0.04429134,2.99489400
0.72529404,0.00000000,3.03887800
0.72729404,0.04429134,3.03887800
0.72929404,0.04429134,3.03887800
0.73129404,0.00000000,3.03887800
0.73329404,0.04429134,3.03887800
0.73529404,0.00000000,3.03887800
0.73729404,0.00000000,3.03887800
0.73929404,0.00000000,3.03887800
0.74129404,0.04429134,3.03887800
0.74329404,0.00000000,3.03887800
0.74529404,0.04429134,3.03887800
0.74729404,0.04429134,3.03887800
0.74929404,0.04429134,3.03887800
0.75129404,0.04429134,2.99489400
0.75329404,0.04429134,3.03887800
0.75529404,0.04429134,3.03887800
0.75729404,0.00000000,3.03887800
0.75929404,0.04429134,2.99489400
0.76129404,0.00000000,3.03887800
0.76329404,0.04429134,2.99489400
0.76529404,0.04429134,3.03887800
0.76729404,0.04429134,3.03887800
0.76929404,0.04429134,2.99489400
0.77129404,0.00000000,3.03887800
0.77329404,0.04429134,3.03887800
0.77529404,0.04429134,2.99489400
0.77729404,0.04429134,3.03887800
0.77929404,0.04429134,3.03887800
0.78129404,0.04429134,2.99489400
0.78329404,0.04429134,3.03887800
0.78529404,0.04429134,2.99489400
0.78729404,0.04429134,3.03887800
0.78929404,0.00000000,3.03887800
0.79129404,0.04429134,3.03887800
0.79329404,0.00000000,3.03887800
0.79529404,0.04429134,2.99489400
0.79729404,0.04429134,2.99489400
0.79929404,0.04429134,3.03887800
0.80129404,0.00000000,3.03887800
0.80329404,0.04429134,3.03887800
0.80529404,0.04429134,3.03887800
0.80729404,0.00000000,2.99489400
0.80929404,0.04429134,3.03887800
0.81129404,0.00000000,2.99489400
0.81329404,0.04429134,3.03887800
0.81529404,0.00000000,3.03887800
0.81729404,0.04429134,3.03887800
0.81929404,0.04429134,3.03887800
0.82129404,0.04429134,3.03887800
0.82329404,0.04429134,3.03887800
0.82529404,0.04429134,3.03887800
0.82729404,0.04429134,2.99489400
0.82929404,0.04429134,3.03887800
0.83129404,0.04429134,3.03887800
0.83329404,0.00000000,3.03887800
0.83529404,0.04429134,2.99489400
0.83729404,0.00000000,3.03887800
0.83929404,0.04429134,3.03887800
0.84129404,0.04429134,3.03887800
0.84329404,0.04429134,3.03887800
0.84529404,0.04429134,3.03887800
0.84729404,0.00000000,3.03887800
0.84929404,0.04429134,3.03887800
0.85129404,0.00000000,2.99489400
0.85329404,0.04429134,3.03887800
0.85529404,0.00000000,3.03887800
0.85729404,0.00000000,3.03887800
0.85929404,0.04429134,3.03887800
0.86129404,0.00000000,3.03887800
0.86329404,0.04429134,3.03887800
0.86529404,0.04429134,3.03887800
0.86729404,0.00000000,2.99489400
0.86929404,0.00000000,3.03887800
0.87129404,0.04429134,3.03887800
0.87329404,0.04429134,3.03887800
0.87529404,0.04429134,2.99489400
0.87729404,0.04429134,3.03887800
0.87929404,0.04429134,3.03887800
0.88129404,0.04429134,3.03887800
0.88329404,0.00000000,3.03887800
0.88529404,0.04429134,3.03887800
0.88729404,0.04429134,2.99489400
0.88929404,0.00000000,2.99489400
0.89129404,0.04429134,2.99489400
0.89329404,0.04429134,2.99489400
0.89529404,0.00000000,3.03887800
0.89729404,0.00000000,3.03887800
0.89929404,0.00000000,2.99489400
0.90129404,0.04429134,3.03887800
0.90329404,0.04429134,3.03887800
0.90529404,0.04429134,3.03887800
0.90729404,0.04429134,3.03887800
0.90929404,0.04429134,3.03887800
0.91129404,0.04429134,3.03887800
0.91329404,0.04429134,3.03887800
0.91529403,0.04429134,3.03887800
0.91729403,0.04429134,2.99489400
0.91929403,0.04429134,3.03887800
0.92129403,0.00000000,2.99489400
0.92329403,0.04429134,3.03887800
0.92529403,0.04429134,3.03887800
0.92729403,0.04429134,3.03887800
0.92929403,0.00000000,2.99489400
0.93129403,0.04429134,3.03887800
0.93329403,0.04429134,3.03887800
0.93529403,0.04429134,2.99489400
0.93729403,0.04429134,2.99489400
0.93929403,0.04429134,3.03887800
0.94129403,0.00000000,3.03887800
0.94329403,0.00000000,3.03887800
0.94529403,0.04429134,3.03887800
0.94729403,0.00000000,3.03887800
0.94929403,0.00000000,3.03887800
0.95129403,0.00000000,3.03887800
0.95329403,0.04429134,3.03887800
0.95529403,0.04429134,2.99489400
0.95729403,0.04429134,3.03887800
0.95929403,0.00000000,3.03887800
0.96129403,0.00000000,3.03887800
0.96329403,0.04429134,3.03887800
0.96529403,0.00000000,2.99489400
0.96729403,0.00000000,3.03887800
0.96929403,0.04429134,3.03887800
0.97129403,0.04429134,3.03887800
0.97329403,0.04429134,3.03887800
0.97529403,0.04429134,3.03887800
0.97729403,0.00000000,3.03887800
0.97929403,0.04429134,3.03887800
0.98129403,0.08873647,3.03887800
0.98329403,0.04429134,3.03887800
0.98529403,0.08873647,3.03887800
0.98729403,0.08873647,3.03887800
0.98929403,0.13318160,3.03887800
0.99129403,0.13318160,3.03887800
0.99329403,0.17747290,3.08286200
0.99529403,0.26636320,3.03887800
0.99729403,0.39954480,3.03887800
0.99929403,0.53272640,3.08286200
1.00129403,0.66590790,3.12699900
1.00329403,0.93227120,3.12699900
1.00529403,1.10989800,3.21496700
1.00729403,1.37626100,3.21496700
1.00929403,1.68706900,3.25910400
1.01129403,2.04216900,3.34722600
1.01329403,2.61934000,3.39120900
1.01529403,3.37413900,3.52331400
1.01729403,4.30641000,3.65542000
1.01929403,Infinity,3.83166200
1.02129403,Infinity,3.96376700
1.02329403,Infinity,4.05188800
1.02529403,Infinity,4.22797700
1.02729403,Infinity,4.40422000
1.02929403,Infinity,4.58030900
1.03129403,Infinity,4.66843000
1.03329403,Infinity,4.31609900
1.03529403,Infinity,3.65542000
1.03729403,-0.08873647,3.52331400
1.03929403,1.28737100,3.78752500
1.04129403,Infinity,3.56745200
1.04329403,Infinity,3.47933100
1.04529403,3.68494700,3.61143600
1.04729403,2.84141300,3.69955700
1.04929403,3.37413900,3.69955700
1.05129403,Infinity,3.65542000
1.05329403,Infinity,3.74354100
1.05529403,3.68494700,3.65542000
1.05729403,3.19651200,3.61143600
1.05929403,3.90686500,3.74354100
1.06129403,4.30641000,3.65542000
1.06329403,4.35085500,3.56745200
1.06529403,3.68494700,3.65542000
1.06729403,3.55176500,3.69955700
1.06929403,3.68494700,3.65542000
1.07129403,3.90686500,3.61143600
1.07329403,3.72923900,3.65542000
1.07529403,3.41843000,3.65542000
1.07729403,2.30853200,3.43519300
1.07929403,0.88782600,3.39120900
1.08129403,0.62146280,3.21496700
1.08329403,-0.22191810,3.17098300
1.08529403,-0.75464440,3.03887800
1.08729403,0.44383610,3.08286200
1.08929403,1.68706900,3.17098300
1.09129403,1.99772400,3.25910400
1.09329403,2.30853200,3.34722600
1.09529403,2.13105900,3.34722600
1.09729403,1.46499800,3.39120900
1.09929403,0.71035310,3.25910400
1.10129403,0.04429134,3.25910400
1.10329403,-0.08873647,3.17098300
1.10529403,0.26636320,3.12699900
1.10729403,0.66590790,3.17098300
1.10929403,0.97671630,3.21496700
1.11129403,1.46499800,3.25910400
1.11329403,1.73136100,3.30308800
1.11529403,1.59817900,3.30308800
1.11729403,1.24307900,3.30308800
1.11929403,0.84353470,3.25910400
1.12129403,0.62146280,3.21496700
1.12329403,0.53272640,3.17098300
1.12529403,0.62146280,3.17098300
1.12729403,0.88782600,3.21496700
1.12929403,1.19863400,3.21496700
1.13129403,1.42070600,3.25910400
1.13329403,1.55388800,3.25910400
1.13529403,1.37626100,3.25910400
1.13729403,1.24307900,3.25910400
1.13929403,1.06545300,3.25910400
1.14129403,0.97671630,3.21496700
1.14329403,0.93227120,3.21496700
1.14529403,0.93227120,3.21496700
1.14729403,1.15418900,3.21496700
1.14929403,1.37626100,3.21496700
1.15129403,1.46499800,3.21496700
1.15329403,1.42070600,3.25910400
1.15529403,1.33181600,3.21496700
1.15729403,1.24307900,3.21496700
1.15929403,1.15418900,3.21496700
1.16129403,1.02100800,3.25910400
1.16329403,1.06545300,3.17098300
1.16529403,1.15418900,3.21496700
1.16729403,1.19863400,3.21496700
1.16929403,1.19863400,3.21496700
1.17129403,1.28737100,3.21496700
1.17329403,1.24307900,3.21496700
1.17529403,1.19863400,3.21496700
1.17729403,1.06545300,3.21496700
1.17929403,1.02100800,3.21496700
1.18129403,1.02100800,3.17098300
1.18329403,1.02100800,3.21496700
1.18529403,1.02100800,3.17098300
1.18729403,1.02100800,3.17098300
1.18929403,1.06545300,3.21496700
1.19129403,1.06545300,3.21496700
1.19329403,1.02100800,3.21496700
1.19529403,1.02100800,3.21496700
1.19729403,0.97671630,3.21496700
1.19929403,0.93227120,3.21496700
1.20129403,0.93227120,3.17098300
1.20329403,0.93227120,3.17098300
1.20529403,0.97671630,3.21496700
1.20729403,0.97671630,3.21496700
1.20929403,0.97671630,3.21496700
1.21129403,0.97671630,3.21496700
1.21329403,1.02100800,3.21496700
1.21529403,0.97671630,3.21496700
1.21729403,0.93227120,3.21496700
1.21929403,0.93227120,3.17098300
1.22129403,0.97671630,3.21496700
1.22329403,0.97671630,3.21496700
1.22529403,1.02100800,3.21496700
1.22729403,1.02100800,3.17098300
1.22929403,1.02100800,3.21496700
1.23129403,1.02100800,3.21496700
1.23329403,1.06545300,3.21496700
1.23529403,1.02100800,3.21496700
1.23729403,1.02100800,3.21496700
1.23929403,1.02100800,3.17098300
1.24129403,1.02100800,3.21496700
1.24329403,1.06545300,3.17098300
1.24529403,1.06545300,3.17098300
1.24729403,1.06545300,3.21496700
1.24929403,1.10989800,3.21496700
1.25129403,1.06545300,3.21496700
1.25329403,1.06545300,3.21496700
1.25529403,1.06545300,3.21496700
1.25729403,1.06545300,3.21496700
1.25929403,1.06545300,3.21496700
1.26129403,1.06545300,3.17098300
1.26329403,1.06545300,3.21496700
1.26529403,1.06545300,3.21496700
1.26729403,1.06545300,3.17098300
1.26929402,1.06545300,3.21496700
1.27129402,1.06545300,3.17098300
1.27329402,1.06545300,3.21496700
1.27529402,1.06545300,3.17098300
1.27729402,1.02100800,3.21496700
1.27929402,1.02100800,3.21496700
1.28129402,1.02100800,3.17098300
1.28329402,1.02100800,3.21496700
1.28529402,1.02100800,3.21496700
1.28729402,1.02100800,3.17098300
1.28929402,1.02100800,3.21496700
1.29129402,1.02100800,3.21496700
1.29329402,0.97671630,3.17098300
1.29529402,1.02100800,3.21496700
1.29729402,0.97671630,3.21496700
1.29929402,0.97671630,3.17098300
1.30129402,0.97671630,3.21496700
1.30329402,0.97671630,3.17098300
1.30529402,0.97671630,3.21496700
1.30729402,0.97671630,3.21496700
1.30929402,0.97671630,3.17098300
1.31129402,0.97671630,3.17098300
1.31329402,0.97671630,3.21496700
1.31529402,0.97671630,3.17098300
1.31729402,0.97671630,3.21496700
1.31929402,0.97671630,3.17098300
1.32129402,0.97671630,3.21496700
1.32329402,0.97671630,3.17098300
1.32529402,0.97671630,3.21496700
1.32729402,0.97671630,3.17098300
1.32929402,0.97671630,3.17098300
1.33129402,1.02100800,3.17098300
1.33329402,1.02100800,3.21496700
1.33529402,0.97671630,3.17098300
1.33729402,1.02100800,3.21496700
1.33929402,0.97671630,3.17098300
1.34129402,1.02100800,3.17098300
1.34329402,1.02100800,3.17098300
1.34529402,1.02100800,3.21496700
1.34729402,1.02100800,3.17098300
1.34929402,1.02100800,3.17098300
1.35129402,1.02100800,3.17098300
1.35329402,1.02100800,3.17098300
1.35529402,1.02100800,3.17098300
1.35729402,1.02100800,3.17098300
1.35929402,1.02100800,3.17098300
1.36129402,1.02100800,3.17098300
1.36329402,1.02100800,3.17098300
1.36529402,1.02100800,3.17098300
1.36729402,1.02100800,3.17098300
1.36929402,1.02100800,3.21496700
1.37129402,1.02100800,3.17098300
1.37329402,1.02100800,3.17098300
1.37529402,1.02100800,3.17098300
1.37729402,1.02100800,3.17098300
1.37929402,1.02100800,3.17098300
1.38129402,0.97671630,3.17098300
1.38329402,0.97671630,3.17098300
1.38529402,0.97671630,3.17098300
1.38729402,0.97671630,3.17098300
1.38929402,0.97671630,3.17098300
1.39129402,0.97671630,3.17098300
1.39329402,1.02100800,3.17098300
1.39529402,0.97671630,3.17098300
1.39729402,0.97671630,3.17098300
1.39929402,0.97671630,3.21496700
1.40129402,0.97671630,3.17098300
1.40329402,0.97671630,3.17098300
1.40529402,0.97671630,3.17098300
1.40729402,0.93227120,3.17098300
1.40929402,0.97671630,3.17098300
1.41129402,0.97671630,3.17098300
1.41329402,0.97671630,3.21496700
1.41529402,0.97671630,3.17098300
1.41729402,0.97671630,3.17098300
1.41929402,0.97671630,3.21496700
1.42129402,0.97671630,3.17098300
1.42329402,1.02100800,3.21496700
1.42529402,0.97671630,3.17098300
1.42729402,0.97671630,3.17098300
1.42929402,0.97671630,3.17098300
1.43129402,0.97671630,3.17098300
1.43329402,1.02100800,3.17098300
1.43529402,0.97671630,3.17098300
1.43729402,0.97671630,3.17098300
1.43929402,0.97671630,3.17098300
1.44129402,1.02100800,3.17098300
1.44329402,1.02100800,3.17098300
1.44529402,0.97671630,3.21496700
1.44729402,0.97671630,3.17098300
1.44929402,1.02100800,3.17098300
1.45129402,0.97671630,3.21496700
1.45329402,0.97671630,3.17098300
1.45529402,0.97671630,3.17098300
1.45729402,0.97671630,3.17098300
1.45929402,0.97671630,3.17098300
1.46129402,0.97671630,3.17098300
1.46329402,0.97671630,3.21496700
1.46529402,0.97671630,3.17098300
1.46729402,0.97671630,3.17098300
1.46929402,0.97671630,3.17098300
1.47129402,1.02100800,3.21496700
1.47329402,0.97671630,3.17098300
1.47529402,0.97671630,3.17098300
1.47729402,0.97671630,3.17098300
1.47929402,0.97671630,3.21496700
1.48129402,0.97671630,3.17098300
1.48329402,1.02100800,3.17098300
1.48529402,0.97671630,3.21496700
1.48729402,0.97671630,3.17098300
1.48929402,0.97671630,3.21496700
1.49129402,0.97671630,3.17098300
1.49329402,0.97671630,3.17098300
1.49529402,1.02100800,3.17098300
1.49729402,0.97671630,3.17098300
1.49929402,0.97671630,3.17098300
1.50129402,0.97671630,3.17098300
1.50329402,0.97671630,3.17098300
1.50529402,0.97671630,3.17098300
1.50729402,0.97671630,3.17098300
1.50929402,0.97671630,3.17098300
1.51129402,0.97671630,3.17098300
1.51329402,0.97671630,3.21496700
1.51529402,0.97671630,3.17098300
1.51729402,1.02100800,3.21496700
1.51929402,0.97671630,3.17098300
1.52129402,0.97671630,3.17098300
1.52329402,0.97671630,3.17098300
1.52529402,0.97671630,3.21496700
1.52729402,0.97671630,3.17098300
1.52929402,0.97671630,3.21496700
1.53129402,0.97671630,3.17098300
1.53329402,0.97671630,3.17098300
1.53529402,0.97671630,3.17098300
1.53729402,0.97671630,3.17098300
1.53929402,0.97671630,3.17098300
1.54129402,0.97671630,3.21496700
1.54329402,0.97671630,3.17098300
1.54529402,0.97671630,3.17098300
1.54729402,0.97671630,3.17098300
1.54929402,0.97671630,3.17098300
1.55129402,1.02100800,3.17098300
1.55329402,0.97671630,3.17098300
1.55529402,0.97671630,3.17098300
1.55729402,0.97671630,3.21496700
1.55929402,1.02100800,3.17098300
1.56129402,1.02100800,3.17098300
1.56329402,1.02100800,3.21496700
1.56529402,0.97671630,3.17098300
1.56729402,1.02100800,3.17098300
1.56929402,0.97671630,3.17098300
1.57129402,1.02100800,3.17098300
1.57329402,1.02100800,3.17098300
1.57529402,1.02100800,3.17098300
1.57729402,1.02100800,3.17098300
1.57929402,0.97671630,3.17098300
1.58129402,0.97671630,3.17098300
1.58329402,1.02100800,3.17098300
1.58529402,1.02100800,3.17098300
1.58729402,1.02100800,3.17098300
1.58929402,1.02100800,3.17098300
1.59129402,1.02100800,3.17098300
1.59329402,0.97671630,3.17098300
1.59529402,0.97671630,3.21496700
1.59729402,0.97671630,3.17098300
1.59929402,1.02100800,3.17098300
1.60129402,0.97671630,3.17098300
1.60329402,0.97671630,3.17098300
1.60529402,0.97671630,3.17098300
1.60729402,1.02100800,3.17098300
1.60929402,0.97671630,3.17098300
1.61129402,0.97671630,3.17098300
1.61329402,0.97671630,3.17098300
1.61529402,0.97671630,3.21496700
1.61729402,0.97671630,3.17098300
1.61929402,0.97671630,3.17098300
1.62129402,0.97671630,3.17098300
1.62329401,0.97671630,3.17098300
1.62529401,0.97671630,3.17098300
1.62729401,0.97671630,3.21496700
1.62929401,1.02100800,3.17098300
1.63129401,0.97671630,3.17098300
1.63329401,0.97671630,3.17098300
1.63529401,0.97671630,3.17098300
1.63729401,0.97671630,3.17098300
1.63929401,0.97671630,3.17098300
1.64129401,0.97671630,3.17098300
1.64329401,0.97671630,3.21496700
1.64529401,0.97671630,3.17098300
1.64729401,0.97671630,3.17098300
1.64929401,0.97671630,3.21496700
1.65129401,0.97671630,3.17098300
1.65329401,0.97671630,3.17098300
1.65529401,0.97671630,3.21496700
1.65729401,0.97671630,3.17098300
1.65929401,0.97671630,3.17098300
1.66129401,0.97671630,3.17098300
1.66329401,0.97671630,3.17098300
1.66529401,0.97671630,3.17098300
1.66729401,0.97671630,3.17098300
1.66929401,0.97671630,3.21496700
1.67129401,1.02100800,3.17098300
1.67329401,1.02100800,3.17098300
1.67529401,1.02100800,3.17098300
1.67729401,0.97671630,3.17098300
1.67929401,0.97671630,3.17098300
1.68129401,1.02100800,3.17098300
1.68329401,0.97671630,3.17098300
1.68529401,0.97671630,3.17098300
1.68729401,1.02100800,3.17098300
1.68929401,1.02100800,3.21496700
1.69129401,0.97671630,3.17098300
1.69329401,1.02100800,3.17098300
1.69529401,0.97671630,3.17098300
1.69729401,0.97671630,3.17098300
1.69929401,0.97671630,3.17098300
1.70129401,0.97671630,3.17098300
1.70329401,1.02100800,3.17098300
1.70529401,0.97671630,3.17098300
1.70729401,0.97671630,3.17098300
1.70929401,1.02100800,3.17098300
1.71129401,0.97671630,3.17098300
1.71329401,0.97671630,3.17098300
1.71529401,0.97671630,3.17098300
1.71729401,0.97671630,3.17098300
1.71929401,0.97671630,3.17098300
1.72129401,0.97671630,3.17098300
1.72329401,0.97671630,3.17098300
1.72529401,0.97671630,3.21496700
1.72729401,0.97671630,3.12699900
1.72929401,0.97671630,3.17098300
1.73129401,0.97671630,3.17098300
1.73329401,0.97671630,3.17098300
1.73529401,0.97671630,3.17098300
1.73729401,0.97671630,3.17098300
1.73929401,0.97671630,3.17098300
1.74129401,0.97671630,3.17098300
1.74329401,0.97671630,3.17098300
1.74529401,1.02100800,3.17098300
1.74729401,0.97671630,3.17098300
1.74929401,0.97671630,3.17098300
1.75129401,1.02100800,3.17098300
1.75329401,0.97671630,3.17098300
1.75529401,1.02100800,3.12699900
1.75729401,0.97671630,3.17098300
1.75929401,0.97671630,3.17098300
1.76129401,0.97671630,3.17098300
1.76329401,0.97671630,3.17098300
1.76529401,0.97671630,3.17098300
1.76729401,0.97671630,3.17098300
1.76929401,0.97671630,3.17098300
1.77129401,0.97671630,3.17098300
1.77329401,0.97671630,3.17098300
1.77529401,0.97671630,3.17098300
1.77729401,0.97671630,3.17098300
1.77929401,0.97671630,3.17098300
1.78129401,0.97671630,3.17098300
1.78329401,0.97671630,3.17098300
1.78529401,1.02100800,3.21496700
1.78729401,0.97671630,3.17098300
1.78929401,0.97671630,3.17098300
1.79129401,0.97671630,3.17098300
1.79329401,0.97671630,3.17098300
1.79529401,1.02100800,3.17098300
1.79729401,0.97671630,3.17098300
1.79929401,0.97671630,3.17098300
1.80129401,0.97671630,3.17098300
1.80329401,0.97671630,3.17098300
1.80529401,0.97671630,3.17098300
1.80729401,0.97671630,3.17098300
1.80929401,0.97671630,3.21496700
1.81129401,0.97671630,3.17098300
1.81329401,0.97671630,3.17098300
1.81529401,0.97671630,3.17098300
1.81729401,0.97671630,3.17098300
1.81929401,0.97671630,3.17098300
1.82129401,0.97671630,3.21496700
1.82329401,0.97671630,3.17098300
1.82529401,0.97671630,3.17098300
1.82729401,1.02100800,3.17098300
1.82929401,0.97671630,3.21496700
1.83129401,0.97671630,3.17098300
1.83329401,0.97671630,3.17098300
1.83529401,0.97671630,3.17098300
1.83729401,1.02100800,3.17098300
1.83929401,0.97671630,3.17098300
1.84129401,0.97671630,3.21496700
1.84329401,0.97671630,3.17098300
1.84529401,0.97671630,3.17098300
1.84729401,0.97671630,3.17098300
1.84929401,0.97671630,3.17098300
1.85129401,0.97671630,3.17098300
1.85329401,1.02100800,3.17098300
1.85529401,0.97671630,3.21496700
1.85729401,1.02100800,3.17098300
1.85929401,1.02100800,3.17098300
1.86129401,0.97671630,3.17098300
1.86329401,0.97671630,3.17098300
1.86529401,1.02100800,3.17098300
1.86729401,0.97671630,3.17098300
1.86929401,0.97671630,3.17098300
1.87129401,0.97671630,3.17098300
1.87329401,1.02100800,3.17098300
1.87529401,0.97671630,3.17098300
1.87729401,1.02100800,3.17098300
1.87929401,0.97671630,3.17098300
1.88129401,0.97671630,3.17098300
1.88329401,1.02100800,3.17098300
1.88529401,0.97671630,3.17098300
1.88729401,0.97671630,3.17098300
1.88929401,1.02100800,3.17098300
1.89129401,0.97671630,3.17098300
1.89329401,0.97671630,3.17098300
1.89529401,1.02100800,3.17098300
1.89729401,0.97671630,3.17098300
1.89929401,1.02100800,3.17098300
1.90129401,1.02100800,3.17098300
1.90329401,0.97671630,3.17098300
1.90529401,1.02100800,3.17098300
1.90729401,0.97671630,3.17098300
1.90929401,1.02100800,3.17098300
1.91129401,0.97671630,3.17098300
1.91329401,0.97671630,3.17098300
1.91529401,1.02100800,3.17098300
1.91729401,1.02100800,3.21496700
1.91929401,1.02100800,3.17098300
1.92129401,1.02100800,3.21496700
1.92329401,1.02100800,3.17098300
1.92529401,1.02100800,3.17098300
1.92729401,0.97671630,3.17098300
1.92929401,0.97671630,3.17098300
1.93129401,0.97671630,3.17098300
1.93329401,0.97671630,3.17098300
1.93529401,0.97671630,3.17098300
1.93729401,0.97671630,3.21496700
1.93929401,0.97671630,3.17098300
1.94129401,1.02100800,3.21496700
1.94329401,0.97671630,3.17098300
1.94529401,0.97671630,3.17098300
1.94729401,1.02100800,3.17098300
1.94929401,1.02100800,3.17098300
1.95129401,1.02100800,3.17098300
1.95329401,1.02100800,3.17098300
1.95529401,0.97671630,3.17098300
1.95729401,1.02100800,3.17098300
1.95929401,1.02100800,3.17098300
1.96129401,1.02100800,3.17098300
1.96329401,0.97671630,3.17098300
1.96529401,1.02100800,3.17098300
1.96729401,1.02100800,3.17098300
1.96929401,1.02100800,3.17098300
1.97129401,0.97671630,3.17098300
1.97329401,1.02100800,3.17098300
1.97529400,1.02100800,3.17098300
1.97729400,0.97671630,3.17098300
1.97929400,1.02100800,3.17098300
1.98129400,0.97671630,3.17098300
1.98329400,1.02100800,3.17098300
1.98529400,0.97671630,3.17098300
1.98729400,0.97671630,3.17098300
1.98929400,1.02100800,3.17098300
1.99129400,1.02100800,3.17098300
1.99329400,1.02100800,3.17098300
1.99529400,1.02100800,3.17098300
1.99729400,0.97671630,3.17098300
1.99929400,1.02100800,3.21496700
2.00129400,0.97671630,3.17098300
2.00329400,0.97671630,3.17098300
2.00529400,0.97671630,3.17098300
2.00729400,1.02100800,3.21496700
2.00929400,1.02100800,3.17098300
2.01129400,0.97671630,3.17098300
2.01329400,0.97671630,3.17098300
2.01529400,1.02100800,3.17098300
2.01729400,1.02100800,3.17098300
2.01929400,1.02100800,3.17098300
2.02129400,0.97671630,3.21496700
2.02329400,1.02100800,3.08286200
2.02529400,1.02100800,2.02586700
2.02729400,1.02100800,1.18909900
2.02929400,1.06545300,0.79263040
2.03129400,1.19863400,0.74864670
2.03329400,1.24307900,0.44029900
2.03529400,1.15418900,-0.04398376
2.03729400,1.02100800,-0.22007260
2.03929400,0.79908960,-0.17608880
2.04129400,0.71035310,-0.08796752
2.04329400,0.71035310,-0.08796752
2.04529400,0.79908960,-0.17608880
2.04729400,0.93227120,-0.08796752
2.04929400,1.10989800,0.00000000
2.05129400,1.24307900,0.04398376
2.05329400,1.28737100,0.00000000
2.05529400,1.15418900,0.04398376
2.05729400,1.02100800,0.04398376
2.05929400,0.88782600,0.04398376
2.06129400,0.84353470,0.00000000
2.06329400,0.79908960,0.00000000
2.06529400,0.84353470,0.00000000
2.06729400,0.97671630,0.00000000
2.06929400,1.06545300,0.00000000
2.07129400,1.10989800,0.00000000
2.07329400,1.10989800,0.00000000
2.07529400,1.06545300,0.00000000
2.07729400,0.97671630,0.04398376
2.07929400,0.93227120,0.00000000
2.08129400,0.88782600,0.00000000
2.08329400,0.88782600,0.00000000
2.08529400,0.97671630,0.00000000
2.08729400,1.02100800,0.00000000
2.08929400,1.06545300,0.00000000
2.09129400,1.10989800,0.00000000
2.09329400,1.06545300,0.00000000
2.09529400,1.06545300,0.00000000
2.09729400,0.97671630,0.00000000
2.09929400,0.97671630,0.00000000
2.10129400,0.97671630,0.00000000
2.10329400,0.93227120,0.00000000
2.10529400,0.97671630,0.00000000
2.10729400,1.02100800,0.00000000
2.10929400,1.06545300,0.00000000
2.11129400,1.06545300,0.04398376
2.11329400,1.02100800,0.00000000
2.11529400,1.02100800,0.00000000
2.11729400,1.02100800,0.00000000
2.11929400,0.97671630,0.00000000
2.12129400,0.97671630,0.00000000
2.12329400,0.97671630,0.00000000
2.12529400,1.02100800,0.00000000
2.12729400,0.97671630,0.00000000
2.12929400,1.02100800,0.00000000
2.13129400,1.02100800,0.00000000
2.13329400,1.02100800,0.00000000
2.13529400,0.97671630,0.00000000
2.13729400,0.97671630,0.00000000
2.13929400,0.97671630,0.00000000
2.14129400,1.02100800,0.00000000
2.14329400,0.97671630,0.00000000
2.14529400,0.97671630,0.00000000
2.14729400,1.02100800,0.00000000
2.14929400,1.02100800,0.00000000
2.15129400,1.02100800,-0.04398376
2.15329400,0.97671630,0.00000000
2.15529400,0.97671630,0.00000000
2.15729400,1.02100800,0.00000000
2.15929400,1.02100800,-0.04398376
2.16129400,0.97671630,0.00000000
2.16329400,0.97671630,-0.04398376
2.16529400,1.02100800,0.00000000
2.16729400,0.97671630,0.00000000
2.16929400,1.02100800,0.00000000
2.17129400,1.02100800,0.00000000
2.17329400,1.02100800,0.00000000
2.17529400,0.97671630,0.00000000
2.17729400,0.97671630,0.00000000
2.17929400,0.97671630,0.00000000
2.18129400,1.02100800,0.00000000
2.18329400,0.97671630,0.00000000
2.18529400,1.02100800,-0.04398376
2.18729400,1.02100800,0.00000000
2.18929400,0.97671630,0.00000000
2.19129400,1.06545300,0.00000000
2.19329400,1.02100800,0.00000000
2.19529400,1.02100800,0.00000000
2.19729400,1.02100800,0.00000000
2.19929400,1.02100800,-0.04398376
2.20129400,1.02100800,0.00000000
2.20329400,0.97671630,-0.04398376
2.20529400,0.97671630,0.00000000
2.20729400,0.97671630,0.00000000
2.20929400,1.02100800,0.00000000
2.21129400,1.02100800,0.00000000
2.21329400,0.97671630,0.00000000
2.21529400,1.02100800,0.00000000
2.21729400,1.02100800,0.00000000
2.21929400,0.97671630,0.00000000
2.22129400,0.97671630,0.00000000
2.22329400,0.97671630,0.00000000
2.22529400,1.02100800,0.00000000
2.22729400,1.02100800,0.00000000
2.22929400,1.02100800,0.00000000
2.23129400,1.02100800,-0.04398376
2.23329400,1.02100800,0.00000000
2.23529400,0.97671630,0.00000000
2.23729400,0.97671630,-0.04398376
2.23929400,1.02100800,-0.04398376
2.24129400,0.97671630,-0.04398376
2.24329400,0.97671630,0.00000000
2.24529400,0.97671630,0.00000000
2.24729400,1.02100800,0.00000000
2.24929400,1.02100800,0.00000000
2.25129400,0.97671630,0.00000000
2.25329400,1.02100800,0.00000000
2.25529400,0.97671630,0.00000000
2.25729400,0.97671630,-0.04398376
2.25929400,1.02100800,0.00000000
2.26129400,0.97671630,0.00000000
2.26329400,1.02100800,0.00000000
2.26529400,1.02100800,0.00000000
2.26729400,1.02100800,0.04398376
2.26929400,1.02100800,-0.04398376
2.27129400,0.97671630,0.00000000
2.27329400,1.02100800,0.00000000
2.27529400,0.97671630,0.00000000
2.27729400,1.02100800,0.00000000
2.27929400,1.02100800,0.00000000
2.28129400,1.02100800,0.04398376
2.28329400,1.02100800,-0.04398376
2.28529400,1.02100800,0.00000000
2.28729400,1.02100800,0.00000000
2.28929400,1.02100800,0.00000000
2.29129400,1.02100800,0.00000000
2.29329400,1.02100800,0.00000000
2.29529400,1.02100800,0.00000000
2.29729400,1.02100800,-0.04398376
2.29929400,1.02100800,0.00000000
2.30129400,1.02100800,0.00000000
2.30329400,1.02100800,0.00000000
2.30529400,1.02100800,0.00000000
2.30729400,1.02100800,0.00000000
2.30929400,1.02100800,0.04398376
2.31129400,1.02100800,-0.04398376
2.31329400,1.02100800,0.00000000
2.31529400,1.02100800,0.00000000
2.31729400,1.02100800,0.04398376
2.31929400,1.02100800,0.00000000
2.32129400,1.02100800,0.00000000
2.32329400,1.02100800,0.00000000
2.32529400,0.97671630,-0.04398376
2.32729400,1.02100800,-0.04398376
2.32929399,1.02100800,0.00000000
2.33129399,1.02100800,0.00000000
2.33329399,1.02100800,-0.04398376
2.33529399,1.02100800,0.00000000
2.33729399,1.02100800,0.00000000
2.33929399,1.02100800,0.00000000
2.34129399,1.02100800,0.00000000
2.34329399,1.02100800,0.00000000
2.34529399,1.02100800,0.00000000
2.34729399,1.02100800,0.00000000
2.34929399,1.02100800,0.00000000
2.35129399,1.02100800,0.00000000
2.35329399,1.02100800,0.00000000
2.35529399,1.02100800,-0.04398376
2.35729399,0.97671630,0.00000000
2.35929399,1.02100800,0.00000000
2.36129399,1.02100800,0.00000000
2.36329399,1.02100800,-0.04398376
2.36529399,1.02100800,-0.04398376
2.36729399,0.97671630,0.00000000
2.36929399,1.02100800,0.00000000
2.37129399,1.02100800,0.00000000
2.37329399,1.02100800,0.00000000
2.37529399,1.02100800,0.00000000
2.37729399,1.02100800,0.00000000
2.37929399,1.02100800,0.00000000
2.38129399,1.02100800,0.00000000
2.38329399,0.97671630,0.00000000
2.38529399,1.02100800,0.00000000
2.38729399,1.02100800,0.00000000
2.38929399,1.02100800,0.00000000
2.39129399,0.97671630,0.00000000
2.39329399,1.02100800,0.00000000
2.39529399,1.02100800,0.00000000
2.39729399,1.02100800,0.00000000
2.39929399,1.02100800,0.00000000
2.40129399,1.02100800,0.00000000
2.40329399,1.02100800,0.00000000
2.40529399,1.02100800,0.00000000
2.40729399,1.02100800,0.00000000
2.40929399,1.02100800,0.00000000
2.41129399,1.02100800,0.00000000
2.41329399,1.02100800,0.00000000
2.41529399,0.97671630,0.00000000
2.41729399,1.02100800,0.00000000
2.41929399,1.02100800,0.00000000
2.42129399,1.02100800,0.00000000
2.42329399,1.02100800,0.00000000
2.42529399,1.02100800,0.00000000
2.42729399,0.97671630,0.00000000
2.42929399,1.02100800,0.00000000
2.43129399,1.02100800,-0.04398376
2.43329399,1.02100800,0.00000000
2.43529399,1.02100800,-0.04398376
2.43729399,0.97671630,0.00000000
2.43929399,1.02100800,0.00000000
2.44129399,1.02100800,0.00000000
2.44329399,1.02100800,0.00000000
2.44529399,0.97671630,0.00000000
2.44729399,1.02100800,0.00000000
2.44929399,1.02100800,-0.04398376
2.45129399,1.02100800,0.00000000
2.45329399,1.02100800,0.00000000
2.45529399,1.02100800,0.00000000
2.45729399,1.02100800,0.00000000
2.45929399,1.02100800,0.00000000
2.46129399,1.02100800,0.00000000
2.46329399,0.97671630,0.00000000
2.46529399,1.02100800,0.00000000
2.46729399,0.97671630,0.00000000
2.46929399,1.02100800,0.00000000
2.47129399,1.02100800,0.00000000
2.47329399,1.02100800,0.00000000
2.47529399,1.02100800,0.00000000
2.47729399,1.02100800,0.00000000
2.47929399,1.02100800,0.00000000
2.48129399,1.02100800,0.00000000
2.48329399,1.02100800,0.00000000
2.48529399,1.02100800,0.00000000
2.48729399,1.02100800,-0.04398376
2.48929399,1.02100800,0.00000000
2.49129399,1.02100800,0.00000000
2.49329399,1.02100800,0.00000000
2.49529399,1.02100800,0.00000000
2.49729399,1.02100800,0.00000000
2.49929399,1.02100800,0.00000000
2.50129399,1.02100800,0.00000000
2.50329399,1.02100800,0.00000000
2.50529399,1.02100800,0.00000000
2.50729399,1.02100800,0.00000000
2.50929399,1.02100800,0.00000000
2.51129399,1.02100800,0.00000000
2.51329399,1.02100800,0.00000000
2.51529399,1.02100800,0.00000000
2.51729399,1.02100800,0.00000000
2.51929399,1.02100800,0.00000000
2.52129399,1.02100800,-0.04398376
2.52329399,1.02100800,0.00000000
2.52529399,1.06545300,0.00000000
2.52729399,1.02100800,0.00000000
2.52929399,1.02100800,0.00000000
2.53129399,1.02100800,0.00000000
2.53329399,1.02100800,0.00000000
2.53529399,1.02100800,0.00000000
2.53729399,1.02100800,-0.04398376
2.53929399,1.02100800,0.00000000
2.54129399,1.02100800,0.00000000
2.54329399,1.02100800,0.00000000
2.54529399,1.02100800,0.00000000
2.54729399,1.02100800,0.00000000
2.54929399,0.97671630,0.00000000
2.55129399,1.02100800,0.00000000
2.55329399,1.02100800,0.00000000
2.55529399,1.02100800,0.00000000
2.55729399,1.02100800,0.00000000
2.55929399,1.02100800,0.00000000
2.56129399,1.02100800,0.00000000
2.56329399,1.02100800,0.00000000
2.56529399,1.02100800,0.00000000
2.56729399,1.02100800,0.00000000
2.56929399,1.02100800,0.00000000
2.57129399,1.02100800,0.00000000
2.57329399,1.02100800,-0.04398376
2.57529399,0.97671630,0.00000000
2.57729399,1.02100800,0.00000000
2.57929399,0.97671630,-0.04398376
2.58129399,1.02100800,0.00000000
2.58329399,1.02100800,0.00000000
2.58529399,1.02100800,0.00000000
2.58729399,1.02100800,0.00000000
2.58929399,1.02100800,-0.04398376
2.59129399,1.02100800,0.00000000
2.59329399,1.06545300,0.00000000
2.59529399,1.02100800,0.00000000
2.59729399,1.02100800,0.00000000
2.59929399,1.02100800,0.00000000
2.60129399,1.02100800,0.00000000
2.60329399,1.02100800,0.00000000
2.60529399,1.02100800,0.00000000
2.60729399,1.02100800,0.00000000
2.60929399,1.02100800,0.00000000
2.61129399,1.02100800,0.00000000
2.61329399,1.02100800,0.00000000
2.61529399,1.02100800,0.00000000
2.61729399,1.02100800,0.00000000
2.61929399,1.02100800,0.00000000
2.62129399,1.02100800,0.00000000
2.62329399,1.02100800,0.00000000
2.62529399,1.02100800,0.00000000
2.62729399,1.02100800,0.00000000
2.62929399,1.02100800,0.00000000
2.63129399,1.02100800,0.00000000
2.63329399,1.02100800,0.00000000
2.63529399,1.02100800,0.00000000
2.63729399,1.06545300,0.00000000
2.63929399,1.02100800,0.00000000
2.64129399,1.02100800,0.00000000
2.64329399,1.02100800,0.00000000
2.64529399,1.02100800,0.00000000
2.64729399,1.02100800,0.00000000
2.64929399,1.06545300,0.00000000
2.65129399,1.02100800,0.00000000
2.65329399,1.02100800,0.00000000
2.65529399,1.02100800,0.00000000
2.65729399,1.02100800,0.00000000
2.65929399,1.06545300,0.00000000
2.66129399,1.02100800,0.00000000
2.66329399,1.02100800,0.00000000
2.66529399,1.02100800,0.00000000
2.66729399,1.02100800,0.00000000
2.66929399,1.02100800,0.00000000
2.67129399,1.02100800,0.00000000
2.67329399,1.02100800,0.00000000
2.67529399,1.02100800,-0.04398376
2.67729399,1.02100800,0.00000000
2.67929399,1.02100800,0.00000000
2.68129399,1.02100800,0.00000000
2.68329398,1.02100800,0.00000000
2.68529398,1.02100800,0.00000000
2.68729398,1.06545300,0.00000000
2.68929398,1.02100800,0.00000000
2.69129398,1.02100800,0.00000000
2.69329398,1.02100800,0.00000000
2.69529398,1.02100800,0.00000000
2.69729398,1.06545300,0.00000000
2.69929398,1.02100800,0.00000000
2.70129398,1.06545300,0.00000000
2.70329398,1.02100800,-0.04398376
2.70529398,1.02100800,0.00000000
2.70729398,1.02100800,-0.04398376
2.70929398,1.02100800,0.00000000
2.71129398,1.02100800,0.00000000
2.71329398,1.02100800,0.00000000
2.71529398,1.02100800,-0.04398376
2.71729398,1.06545300,0.00000000
2.71929398,1.02100800,0.00000000
2.72129398,1.02100800,-0.04398376
2.72329398,1.02100800,0.00000000
2.72529398,1.06545300,0.00000000
2.72729398,1.02100800,0.00000000
2.72929398,1.02100800,0.00000000
2.73129398,1.02100800,0.00000000
2.73329398,1.06545300,0.00000000
2.73529398,1.02100800,0.00000000
2.73729398,1.06545300,0.00000000
2.73929398,1.06545300,0.00000000
2.74129398,1.02100800,0.00000000
2.74329398,1.06545300,-0.04398376
2.74529398,1.02100800,0.00000000
2.74729398,1.02100800,0.00000000
2.74929398,1.06545300,0.04398376
2.75129398,1.06545300,0.00000000
2.75329398,1.02100800,0.00000000
2.75529398,1.02100800,0.00000000
2.75729398,1.02100800,0.00000000
2.75929398,1.02100800,0.00000000
2.76129398,1.06545300,0.04398376
2.76329398,1.02100800,0.00000000
2.76529398,1.06545300,0.00000000
2.76729398,1.02100800,0.00000000
2.76929398,1.06545300,0.00000000
2.77129398,1.02100800,0.00000000
2.77329398,1.06545300,0.00000000
2.77529398,1.06545300,0.00000000
2.77729398,1.06545300,0.00000000
2.77929398,1.02100800,0.00000000
2.78129398,1.02100800,0.00000000
2.78329398,1.02100800,0.00000000
2.78529398,1.06545300,0.00000000
2.78729398,1.06545300,0.00000000
2.78929398,1.02100800,0.00000000
2.79129398,1.02100800,0.00000000
2.79329398,1.02100800,0.00000000
2.79529398,1.02100800,0.00000000
2.79729398,1.02100800,0.00000000
2.79929398,1.02100800,0.00000000
2.80129398,1.02100800,0.00000000
2.80329398,1.02100800,0.04398376
2.80529398,1.02100800,0.00000000
2.80729398,1.02100800,0.00000000
2.80929398,1.02100800,0.00000000
2.81129398,1.02100800,0.00000000
2.81329398,1.06545300,0.00000000
2.81529398,1.02100800,0.00000000
2.81729398,1.06545300,0.00000000
2.81929398,1.02100800,0.00000000
2.82129398,1.02100800,0.00000000
2.82329398,1.02100800,0.00000000
2.82529398,1.02100800,0.00000000
2.82729398,1.02100800,0.00000000
2.82929398,1.06545300,0.00000000
2.83129398,1.02100800,0.00000000
2.83329398,1.06545300,0.00000000
2.83529398,1.02100800,0.00000000
2.83729398,1.02100800,0.00000000
2.83929398,1.06545300,0.04398376
2.84129398,1.02100800,0.00000000
2.84329398,1.06545300,0.00000000
2.84529398,1.02100800,0.00000000
2.84729398,1.06545300,0.00000000
2.84929398,1.02100800,0.00000000
2.85129398,1.06545300,0.00000000
2.85329398,1.02100800,0.00000000
2.85529398,1.02100800,0.00000000
2.85729398,1.06545300,0.00000000
2.85929398,1.02100800,0.00000000
2.86129398,1.06545300,0.00000000
2.86329398,1.02100800,0.00000000
2.86529398,1.06545300,0.00000000
2.86729398,1.06545300,0.00000000
2.86929398,1.06545300,0.00000000
2.87129398,1.06545300,0.00000000
2.87329398,1.06545300,0.00000000
2.87529398,1.06545300,0.00000000
2.87729398,1.06545300,0.00000000
2.87929398,1.06545300,0.00000000
2.88129398,1.06545300,0.00000000
2.88329398,1.02100800,0.04398376
2.88529398,1.02100800,0.00000000
2.88729398,1.02100800,0.00000000
2.88929398,1.02100800,0.00000000
2.89129398,1.02100800,0.00000000
2.89329398,1.06545300,0.00000000
2.89529398,1.06545300,0.00000000
2.89729398,1.02100800,0.00000000
2.89929398,1.02100800,0.00000000
2.90129398,1.02100800,0.04398376
2.90329398,1.02100800,0.00000000
2.90529398,1.02100800,0.00000000
2.90729398,1.06545300,0.00000000
2.90929398,1.06545300,0.00000000
2.91129398,1.06545300,0.00000000
2.91329398,1.02100800,0.00000000
2.91529398,1.06545300,0.00000000
2.91729398,1.02100800,0.00000000
2.91929398,1.06545300,0.00000000
2.92129398,1.02100800,0.00000000
2.92329398,1.02100800,0.04398376
2.92529398,1.06545300,0.00000000
2.92729398,1.02100800,0.00000000
2.92929398,1.06545300,0.00000000
2.93129398,1.02100800,0.00000000
2.93329398,1.06545300,0.00000000
2.93529398,1.06545300,0.00000000
2.93729398,1.06545300,0.00000000
2.93929398,1.06545300,0.04398376
2.94129398,1.02100800,0.00000000
2.94329398,1.06545300,0.04398376
2.94529398,1.06545300,0.00000000
2.94729398,1.06545300,0.00000000
2.94929398,1.06545300,0.00000000
2.95129398,1.06545300,0.00000000
2.95329398,1.06545300,0.00000000
2.95529398,1.02100800,0.00000000
2.95729398,1.06545300,0.04398376
2.95929398,1.02100800,0.00000000
2.96129398,1.06545300,0.00000000
2.96329398,1.06545300,0.00000000
2.96529398,1.06545300,0.00000000
2.96729398,1.06545300,0.00000000
2.96929398,1.02100800,0.00000000
2.97129398,1.02100800,0.00000000
2.97329398,1.02100800,0.04398376
2.97529398,1.02100800,-0.04398376
2.97729398,1.06545300,0.00000000
2.97929398,1.02100800,0.04398376
2.98129398,1.06545300,0.04398376
2.98329398,1.02100800,0.00000000
2.98529398,1.06545300,0.00000000
2.98729398,1.02100800,0.00000000
2.98929398,1.06545300,0.00000000
2.99129398,1.02100800,0.00000000
2.99329398,1.02100800,0.00000000
2.99529398,1.02100800,0.00000000
2.99729398,1.06545300,0.00000000
2.99929398,1.02100800,0.00000000
3.00129398,1.02100800,-0.04398376
3.00329398,1.02100800,0.00000000
3.00529398,1.06545300,0.00000000
3.00729398,1.06545300,0.00000000
3.00929398,1.02100800,0.00000000
3.01129398,1.06545300,0.00000000
3.01329398,1.02100800,0.00000000
3.01529398,1.02100800,0.00000000
3.01729398,1.06545300,0.00000000
3.01929398,1.06545300,0.00000000
3.02129398,1.06545300,0.00000000
3.02329398,1.06545300,0.00000000
3.02529398,1.02100800,0.00000000
3.02729398,1.06545300,0.00000000
3.02929398,1.06545300,0.00000000
3.03129398,1.06545300,0.00000000
3.03329398,1.06545300,0.00000000
3.03529398,1.02100800,0.00000000
3.03729397,1.06545300,0.00000000
3.03929397,1.06545300,0.00000000
3.04129397,1.06545300,0.00000000
3.04329397,1.06545300,0.00000000
3.04529397,1.06545300,0.00000000
3.04729397,1.06545300,0.00000000
3.04929397,1.06545300,0.00000000
3.05129397,1.06545300,0.00000000
3.05329397,1.06545300,0.00000000
3.05529397,1.06545300,0.00000000
3.05729397,1.02100800,0.00000000
3.05929397,1.06545300,0.00000000
3.06129397,1.06545300,0.00000000
3.06329397,1.06545300,0.00000000
3.06529397,1.06545300,0.00000000
3.06729397,1.06545300,0.00000000
3.06929397,1.06545300,0.04398376
3.07129397,1.02100800,0.00000000
3.07329397,1.06545300,0.00000000
3.07529397,1.02100800,0.00000000
3.07729397,1.02100800,0.00000000
3.07929397,1.02100800,0.00000000
3.08129397,1.06545300,0.00000000
3.08329397,1.06545300,0.00000000
3.08529397,1.06545300,0.00000000
3.08729397,1.06545300,0.00000000
3.08929397,1.02100800,0.00000000
3.09129397,1.06545300,0.04398376
3.09329397,1.02100800,0.00000000
3.09529397,1.02100800,0.00000000
3.09729397,1.06545300,0.00000000
3.09929397,1.06545300,0.00000000
3.10129397,1.06545300,0.00000000
3.10329397,1.02100800,0.00000000
3.10529397,1.02100800,0.00000000
3.10729397,1.06545300,0.00000000
3.10929397,1.02100800,0.00000000
3.11129397,1.02100800,0.04398376
3.11329397,1.06545300,0.00000000
3.11529397,1.02100800,0.00000000
3.11729397,1.06545300,0.00000000
3.11929397,1.02100800,0.00000000
3.12129397,1.06545300,0.00000000
3.12329397,1.02100800,0.00000000
3.12529397,1.06545300,0.00000000
3.12729397,1.06545300,0.00000000
3.12929397,1.06545300,0.00000000
3.13129397,1.06545300,0.00000000
3.13329397,1.06545300,0.00000000
3.13529397,1.06545300,0.00000000
3.13729397,1.06545300,0.00000000
3.13929397,1.06545300,0.00000000
3.14129397,1.06545300,0.00000000
3.14329397,1.06545300,0.00000000
3.14529397,1.06545300,0.00000000
3.14729397,1.06545300,0.00000000
3.14929397,1.06545300,0.00000000
3.15129397,1.06545300,0.00000000
3.15329397,1.06545300,0.00000000
3.15529397,1.06545300,0.00000000
3.15729397,1.06545300,0.00000000
3.15929397,1.06545300,0.04398376
3.16129397,1.06545300,0.00000000
3.16329397,1.06545300,0.00000000
3.16529397,1.06545300,0.04398376
3.16729397,1.06545300,0.00000000
3.16929397,1.06545300,0.00000000
3.17129397,1.02100800,0.00000000
3.17329397,1.06545300,0.00000000
3.17529397,1.06545300,0.00000000
3.17729397,1.06545300,0.00000000
3.17929397,1.06545300,0.00000000
3.18129397,1.06545300,0.04398376
3.18329397,1.06545300,0.00000000
3.18529397,1.06545300,0.00000000
3.18729397,1.06545300,0.00000000
3.18929397,1.06545300,0.00000000
3.19129397,1.06545300,0.00000000
3.19329397,1.06545300,0.04398376
3.19529397,1.06545300,0.00000000
3.19729397,1.06545300,0.00000000
3.19929397,1.06545300,0.00000000
3.20129397,1.06545300,0.00000000
3.20329397,1.06545300,0.04398376
3.20529397,1.10989800,0.00000000
3.20729397,1.02100800,0.00000000
3.20929397,1.06545300,0.00000000
3.21129397,1.06545300,0.00000000
3.21329397,1.06545300,0.00000000
3.21529397,1.06545300,0.00000000
3.21729397,1.06545300,0.04398376
3.21929397,1.06545300,0.00000000
3.22129397,1.06545300,0.00000000
3.22329397,1.06545300,0.00000000
3.22529397,1.06545300,0.00000000
3.22729397,1.06545300,0.00000000
3.22929397,1.02100800,0.04398376
3.23129397,1.06545300,0.00000000
3.23329397,1.06545300,0.04398376
3.23529397,1.06545300,0.00000000
3.23729397,1.06545300,0.00000000
3.23929397,1.06545300,0.00000000
3.24129397,1.06545300,0.00000000
3.24329397,1.06545300,0.00000000
3.24529397,1.06545300,0.00000000
3.24729397,1.06545300,0.00000000
3.24929397,1.06545300,0.00000000
3.25129397,1.06545300,0.00000000
3.25329397,1.02100800,0.00000000
3.25529397,1.02100800,0.00000000
3.25729397,1.06545300,0.00000000
3.25929397,1.06545300,0.00000000
3.26129397,1.06545300,0.00000000
3.26329397,1.02100800,0.00000000
3.26529397,1.06545300,0.00000000
3.26729397,1.06545300,0.00000000
3.26929397,1.06545300,0.00000000
3.27129397,1.02100800,0.00000000
3.27329397,1.02100800,0.04398376
3.27529397,1.06545300,0.00000000
3.27729397,1.06545300,0.00000000
3.27929397,1.06545300,-0.04398376
3.28129397,1.02100800,0.00000000
3.28329397,1.06545300,0.00000000
3.28529397,1.06545300,0.00000000
3.28729397,1.06545300,0.04398376
3.28929397,1.06545300,0.00000000
3.29129397,1.06545300,0.00000000
3.29329397,1.06545300,0.00000000
3.29529397,1.06545300,0.00000000
3.29729397,1.06545300,0.00000000
3.29929397,1.06545300,0.00000000
3.30129397,1.06545300,0.04398376
3.30329397,1.06545300,0.00000000
3.30529397,1.06545300,0.00000000
3.30729397,1.06545300,0.00000000
3.30929397,1.06545300,0.00000000
3.31129397,1.02100800,0.00000000
3.31329397,1.06545300,0.00000000
3.31529397,1.06545300,0.00000000
3.31729397,1.06545300,0.00000000
3.31929397,1.06545300,0.00000000
3.32129397,1.06545300,-0.04398376
3.32329397,1.06545300,0.04398376
3.32529397,1.02100800,0.00000000
3.32729397,1.10989800,0.00000000
3.32929397,1.06545300,0.04398376
3.33129397,1.06545300,0.00000000
3.33329397,1.06545300,0.00000000
3.33529397,1.10989800,0.00000000
3.33729397,1.06545300,0.00000000
3.33929397,1.06545300,0.00000000
3.34129397,1.06545300,0.00000000
3.34329397,1.06545300,0.00000000
3.34529397,1.06545300,0.00000000
3.34729397,1.06545300,0.00000000
3.34929397,1.06545300,0.00000000
3.35129397,1.06545300,0.00000000
3.35329397,1.06545300,0.00000000
3.35529397,1.06545300,0.04398376
3.35729397,1.06545300,0.00000000
3.35929397,1.06545300,0.00000000
3.36129397,1.10989800,0.00000000
3.36329397,1.06545300,0.04398376
3.36529397,1.06545300,0.00000000
3.36729397,1.06545300,0.04398376
3.36929397,1.06545300,0.00000000
3.37129397,1.06545300,0.00000000
3.37329397,1.06545300,0.04398376
3.37529397,1.10989800,0.00000000
3.37729397,1.06545300,0.00000000
3.37929397,1.06545300,0.00000000
3.38129397,1.10989800,0.00000000
3.38329397,1.06545300,0.00000000
3.38529397,1.06545300,0.00000000
3.38729397,1.10989800,0.00000000
3.38929397,1.06545300,0.00000000
3.39129396,1.06545300,0.00000000
3.39329396,1.06545300,0.00000000
3.39529396,1.06545300,0.00000000
3.39729396,1.06545300,0.00000000
3.39929396,1.10989800,0.00000000
3.40129396,1.06545300,0.00000000
3.40329396,1.06545300,0.00000000
3.40529396,1.06545300,0.00000000
3.40729396,1.06545300,-0.04398376
3.40929396,1.10989800,0.00000000
3.41129396,1.06545300,0.00000000
3.41329396,1.06545300,0.00000000
3.41529396,1.06545300,0.00000000
3.41729396,1.06545300,0.00000000
3.41929396,1.06545300,0.00000000
3.42129396,1.10989800,0.00000000
3.42329396,1.06545300,0.00000000
3.42529396,1.06545300,0.00000000
3.42729396,1.06545300,0.00000000
3.42929396,1.10989800,0.00000000
3.43129396,1.06545300,0.00000000
3.43329396,1.06545300,0.00000000
3.43529396,1.06545300,0.00000000
3.43729396,1.06545300,0.00000000
3.43929396,1.06545300,0.00000000
3.44129396,1.06545300,0.00000000
3.44329396,1.06545300,0.00000000
3.44529396,1.10989800,0.00000000
3.44729396,1.10989800,0.00000000
3.44929396,1.06545300,0.00000000
3.45129396,1.06545300,0.00000000
3.45329396,1.06545300,0.04398376
3.45529396,1.06545300,0.00000000
3.45729396,1.06545300,0.00000000
3.45929396,1.06545300,0.00000000
3.46129396,1.06545300,0.00000000
3.46329396,1.06545300,0.00000000
3.46529396,1.10989800,0.00000000
3.46729396,1.06545300,0.00000000
3.46929396,1.06545300,0.00000000
3.47129396,1.06545300,0.00000000
3.47329396,1.10989800,0.00000000
3.47529396,1.06545300,0.00000000
3.47729396,1.06545300,0.00000000
3.47929396,1.06545300,0.00000000
3.48129396,1.06545300,0.00000000
3.48329396,1.06545300,0.00000000
3.48529396,1.10989800,0.00000000
3.48729396,1.06545300,0.00000000
3.48929396,1.10989800,0.00000000
3.49129396,1.06545300,0.00000000
3.49329396,1.06545300,0.00000000
3.49529396,1.06545300,0.00000000
3.49729396,1.06545300,-0.04398376
3.49929396,1.10989800,0.00000000
3.50129396,1.06545300,0.00000000
3.50329396,1.10989800,0.00000000
3.50529396,1.06545300,0.00000000
3.50729396,1.10989800,0.00000000
3.50929396,1.10989800,0.00000000
3.51129396,1.10989800,0.00000000
3.51329396,1.06545300,0.00000000
3.51529396,1.06545300,0.00000000
3.51729396,1.06545300,0.04398376
3.51929396,1.06545300,0.00000000
3.52129396,1.10989800,0.00000000
3.52329396,1.06545300,0.00000000
3.52529396,1.06545300,0.00000000
3.52729396,1.10989800,0.00000000
3.52929396,1.06545300,0.00000000
3.53129396,1.06545300,0.00000000
3.53329396,1.06545300,0.00000000
3.53529396,1.06545300,0.00000000
3.53729396,1.06545300,0.00000000
3.53929396,1.10989800,0.00000000
3.54129396,1.06545300,0.00000000
3.54329396,1.10989800,0.00000000
3.54529396,1.06545300,0.00000000
3.54729396,1.10989800,0.00000000
3.54929396,1.06545300,0.00000000
3.55129396,1.06545300,0.00000000
3.55329396,1.10989800,0.00000000
3.55529396,1.06545300,0.04398376
3.55729396,1.06545300,0.00000000
3.55929396,1.06545300,0.00000000
3.56129396,1.10989800,0.00000000
3.56329396,1.06545300,0.00000000
3.56529396,1.06545300,0.00000000
3.56729396,1.10989800,0.00000000
3.56929396,1.06545300,0.00000000
3.57129396,1.10989800,0.00000000
3.57329396,1.06545300,0.00000000
3.57529396,1.10989800,0.00000000
3.57729396,1.10989800,0.00000000
3.57929396,1.10989800,0.00000000
3.58129396,1.06545300,0.00000000
3.58329396,1.10989800,0.00000000
3.58529396,1.06545300,0.00000000
3.58729396,1.10989800,0.04398376
3.58929396,1.06545300,0.00000000
3.59129396,1.06545300,0.00000000
3.59329396,1.10989800,0.00000000
3.59529396,1.10989800,0.00000000
3.59729396,1.10989800,0.00000000
3.59929396,1.10989800,0.00000000
3.60129396,1.10989800,0.00000000
3.60329396,1.06545300,0.00000000
3.60529396,1.06545300,0.00000000
3.60729396,1.10989800,0.00000000
3.60929396,1.10989800,0.00000000
3.61129396,1.06545300,0.00000000
3.61329396,1.10989800,0.00000000
3.61529396,1.06545300,0.04398376
3.61729396,1.06545300,0.04398376
3.61929396,1.10989800,0.00000000
3.62129396,1.10989800,0.04398376
3.62329396,1.06545300,0.00000000
3.62529396,1.10989800,0.00000000
3.62729396,1.10989800,0.00000000
3.62929396,1.06545300,0.00000000
3.63129396,1.10989800,0.00000000
3.63329396,1.10989800,0.00000000
3.63529396,1.10989800,0.00000000
3.63729396,1.06545300,0.04398376
3.63929396,1.10989800,0.00000000
3.64129396,1.10989800,0.00000000
3.64329396,1.06545300,0.00000000
3.64529396,1.10989800,-0.04398376
3.64729396,1.06545300,0.04398376
3.64929396,1.10989800,0.00000000
3.65129396,1.10989800,0.00000000
3.65329396,1.10989800,0.00000000
3.65529396,1.10989800,0.00000000
3.65729396,1.10989800,0.00000000
3.65929396,1.10989800,0.00000000
3.66129396,1.10989800,0.00000000
3.66329396,1.06545300,0.00000000
3.66529396,1.06545300,0.00000000
3.66729396,1.10989800,0.00000000
3.66929396,1.10989800,0.00000000
3.67129396,1.10989800,0.00000000
3.67329396,1.06545300,0.00000000
3.67529396,1.06545300,0.04398376
3.67729396,1.10989800,0.00000000
3.67929396,1.10989800,0.00000000
3.68129396,1.10989800,0.00000000
3.68329396,1.06545300,0.00000000
3.68529396,1.10989800,0.00000000
3.68729396,1.10989800,0.00000000
3.68929396,1.06545300,0.00000000
3.69129396,1.10989800,0.00000000
3.69329396,1.06545300,0.00000000
3.69529396,1.06545300,0.00000000
3.69729396,1.06545300,0.00000000
3.69929396,1.06545300,0.00000000
3.70129396,1.06545300,0.00000000
3.70329396,1.06545300,0.00000000
3.70529396,1.06545300,0.00000000
3.70729396,1.06545300,0.00000000
3.70929396,1.06545300,0.00000000
3.71129396,1.06545300,0.00000000
3.71329396,1.06545300,0.00000000
3.71529396,1.06545300,0.00000000
3.71729396,1.06545300,0.00000000
3.71929396,1.10989800,0.00000000
3.72129396,1.10989800,0.00000000
3.72329396,1.10989800,0.00000000
3.72529396,1.10989800,0.04398376
3.72729396,1.06545300,0.00000000
3.72929396,1.10989800,0.00000000
3.73129396,1.10989800,0.00000000
3.73329396,1.10989800,0.00000000
3.73529396,1.06545300,0.00000000
3.73729396,1.10989800,0.00000000
3.73929396,1.10989800,0.00000000
3.74129396,1.10989800,0.00000000
3.74329395,1.10989800,0.00000000
3.74529395,1.10989800,0.00000000
3.74729395,1.10989800,0.04398376
3.74929395,1.10989800,0.00000000
3.75129395,1.10989800,0.04398376
3.75329395,1.10989800,0.00000000
3.75529395,1.10989800,0.04398376
3.75729395,1.10989800,0.00000000
3.75929395,1.10989800,0.00000000
3.76129395,1.10989800,0.00000000
3.76329395,1.10989800,0.00000000
3.76529395,1.10989800,0.00000000
3.76729395,1.10989800,0.00000000
3.76929395,1.15418900,0.04398376
3.77129395,1.06545300,0.04398376
3.77329395,1.10989800,0.00000000
3.77529395,1.10989800,0.04398376
3.77729395,1.10989800,0.00000000
3.77929395,1.10989800,0.00000000
3.78129395,1.10989800,0.00000000
3.78329395,1.10989800,0.00000000
3.78529395,1.06545300,0.00000000
3.78729395,1.06545300,0.00000000
3.78929395,1.10989800,0.04398376
3.79129395,1.10989800,0.00000000
3.79329395,1.10989800,0.00000000
3.79529395,1.06545300,0.00000000
3.79729395,1.06545300,0.00000000
3.79929395,1.06545300,0.00000000
3.80129395,1.10989800,0.00000000
3.80329395,1.10989800,0.00000000
3.80529395,1.10989800,0.00000000
3.80729395,1.06545300,0.00000000
3.80929395,1.10989800,0.00000000
3.81129395,1.10989800,0.00000000
3.81329395,1.06545300,0.00000000
3.81529395,1.06545300,0.00000000
3.81729395,1.06545300,0.00000000
3.81929395,1.10989800,0.00000000
3.82129395,1.10989800,0.00000000
3.82329395,1.10989800,-0.04398376
3.82529395,1.06545300,0.00000000
3.82729395,1.10989800,0.00000000
3.82929395,1.10989800,0.00000000
3.83129395,1.06545300,0.00000000
3.83329395,1.06545300,0.00000000
3.83529395,1.06545300,0.00000000
3.83729395,1.10989800,0.00000000
3.83929395,1.10989800,0.00000000
3.84129395,1.06545300,0.00000000
3.84329395,1.06545300,0.00000000
3.84529395,1.10989800,0.00000000
3.84729395,1.10989800,0.00000000
3.84929395,1.10989800,0.00000000
3.85129395,1.10989800,0.00000000
3.85329395,1.10989800,0.00000000
3.85529395,1.06545300,0.00000000
3.85729395,1.10989800,0.04398376
3.85929395,1.10989800,0.00000000
3.86129395,1.10989800,0.00000000
3.86329395,1.06545300,0.04398376
3.86529395,1.10989800,0.00000000
3.86729395,1.10989800,0.00000000
3.86929395,1.10989800,0.00000000
3.87129395,1.10989800,0.00000000
3.87329395,1.06545300,0.00000000
3.87529395,1.10989800,0.00000000
3.87729395,1.06545300,0.00000000
3.87929395,1.10989800,0.00000000
3.88129395,1.10989800,0.04398376
3.88329395,1.06545300,0.00000000
3.88529395,1.10989800,0.04398376
3.88729395,1.10989800,0.00000000
3.88929395,1.10989800,0.00000000
3.89129395,1.10989800,0.00000000
3.89329395,1.06545300,0.00000000
3.89529395,1.10989800,0.00000000
3.89729395,1.10989800,0.00000000
3.89929395,1.10989800,0.00000000
3.90129395,1.10989800,0.00000000
3.90329395,1.10989800,0.00000000
3.90529395,1.06545300,0.00000000
3.90729395,1.10989800,0.00000000
3.90929395,1.06545300,0.00000000
3.91129395,1.10989800,0.00000000
3.91329395,1.10989800,0.00000000
3.91529395,1.10989800,0.00000000
3.91729395,1.10989800,-0.04398376
3.91929395,1.06545300,0.00000000
3.92129395,1.10989800,0.00000000
3.92329395,1.10989800,0.00000000
3.92529395,1.06545300,0.00000000
3.92729395,1.10989800,0.00000000
3.92929395,1.10989800,0.00000000
3.93129395,1.10989800,0.00000000
3.93329395,1.10989800,0.00000000
3.93529395,1.06545300,0.00000000
3.93729395,1.10989800,0.00000000
3.93929395,1.10989800,0.00000000
3.94129395,1.10989800,0.00000000
3.94329395,1.06545300,0.00000000
3.94529395,1.10989800,0.00000000
3.94729395,1.06545300,0.00000000
3.94929395,1.10989800,0.00000000
3.95129395,1.06545300,0.00000000
3.95329395,1.06545300,0.00000000
3.95529395,1.10989800,0.00000000
3.95729395,1.06545300,0.00000000
3.95929395,1.10989800,0.00000000
3.96129395,1.10989800,0.00000000
3.96329395,1.06545300,0.00000000
3.96529395,1.10989800,-0.04398376
3.96729395,1.10989800,0.00000000
3.96929395,1.10989800,0.00000000
3.97129395,1.10989800,0.04398376
3.97329395,1.10989800,0.00000000
3.97529395,1.10989800,0.00000000
3.97729395,1.10989800,0.00000000
3.97929395,1.10989800,0.00000000
3.98129395,1.10989800,0.00000000
3.98329395,1.10989800,0.00000000
3.98529395,1.10989800,0.00000000
3.98729395,1.10989800,0.00000000
3.98929395,1.10989800,0.00000000
3.99129395,1.10989800,0.00000000
3.99329395,1.10989800,0.00000000
3.99529395,1.10989800,0.00000000
3.99729395,1.10989800,0.00000000
3.99929395,1.06545300,0.04398376
4.00129395,1.10989800,0.00000000
4.00329395,1.10989800,0.00000000
4.00529395,1.06545300,0.00000000
4.00729395,1.10989800,0.00000000
4.00929395,1.10989800,0.00000000
4.01129395,1.10989800,0.00000000
4.01329395,1.10989800,0.00000000
4.01529395,1.10989800,0.00000000
4.01729395,1.10989800,0.00000000
4.01929395,1.10989800,0.00000000
4.02129395,1.10989800,0.00000000
4.02329395,1.10989800,0.00000000
4.02529395,1.10989800,0.00000000
4.02729395,1.10989800,0.00000000
4.02929395,1.10989800,0.00000000
4.03129395,1.10989800,0.00000000
4.03329395,1.10989800,0.00000000
4.03529395,1.10989800,0.00000000
4.03729395,1.10989800,0.00000000
4.03929395,1.10989800,0.00000000
4.04129395,1.10989800,0.04398376
4.04329395,1.10989800,0.00000000
4.04529395,1.10989800,0.00000000
4.04729395,1.10989800,0.00000000
4.04929395,1.10989800,0.00000000
4.05129395,1.10989800,0.00000000
4.05329395,1.10989800,0.00000000
